2025-01-25T20:38:51Z [AreaTriggerEvents] Created trigger ArcticCrypt at 15621 231.4 14845 ori: 0 0 0
2025-01-25T20:38:51Z [AreaTriggerEvents] Created trigger ArcticCrypt2 at 15640 258.6 14828 ori: 0 0 0
2025-01-25T20:38:51Z [AreaTriggerEvents] Created trigger ArcticCrypt3 at 15642 208.9 14788 ori: 0 0 0
2025-01-25T20:38:51Z [AreaTriggerEvents] Created trigger KMUCMain at 7059 573.5 11620 ori: 0 0 0
2025-01-25T20:38:51Z [AreaTriggerEvents] Created trigger KMUCMainBottom at 7249 224.8 11617 ori: 0 0 0
2025-01-25T20:38:51Z [AreaTriggerEvents] Created trigger TempleBridgeJump at 371 49.6 526 ori: 0 0 0
2025-01-25T20:38:51Z [AreaTriggerEvents] Created trigger TempleOutsideTop1 at 739.5 38 483 ori: 0 0 0
2025-01-25T20:38:51Z [AreaTriggerEvents] Created trigger TempleOutsideTop2 at 670 49.5 306 ori: 0 0 0
2025-01-25T20:38:51Z [AreaTriggerEvents] Created trigger TempleWolfTrap at 591 14.3 390 ori: 0 0 0
2025-01-25T20:38:51Z [AreaTriggerEvents] Created trigger TempleInside1 at 865 19.2 410 ori: 0 0 0
2025-01-25T20:38:51Z [AreaTriggerEvents] Created trigger TempleInside2 at 828 38 484 ori: 0 0 0
2025-01-25T20:38:51Z [AreaTriggerEvents] Created trigger TempleHammerTrigger at 366 54.3 868 ori: 0 0 0
2025-01-25T20:38:51Z [AreaTriggerEvents] Created trigger TemplePartB1 at 405 130 1517 ori: 0 0 0
2025-01-25T20:38:51Z [AreaTriggerEvents] Created trigger TemplePartB2 at 417 2.4 1591 ori: 0 0 0
2025-01-26T04:04:24Z [AreaTriggerEvents] Created trigger ArcticCrypt at 15621 231.4 14845 ori: 0 0 0
2025-01-26T04:04:24Z [AreaTriggerEvents] Created trigger ArcticCrypt2 at 15640 258.6 14828 ori: 0 0 0
2025-01-26T04:04:24Z [AreaTriggerEvents] Created trigger ArcticCrypt3 at 15642 208.9 14788 ori: 0 0 0
2025-01-26T04:04:24Z [AreaTriggerEvents] Created trigger KMUCMain at 7059 573.5 11620 ori: 0 0 0
2025-01-26T04:04:24Z [AreaTriggerEvents] Created trigger KMUCMainBottom at 7249 224.8 11617 ori: 0 0 0
2025-01-26T04:04:24Z [AreaTriggerEvents] Created trigger TempleBridgeJump at 371 49.6 526 ori: 0 0 0
2025-01-26T04:04:24Z [AreaTriggerEvents] Created trigger TempleOutsideTop1 at 739.5 38 483 ori: 0 0 0
2025-01-26T04:04:24Z [AreaTriggerEvents] Created trigger TempleOutsideTop2 at 670 49.5 306 ori: 0 0 0
2025-01-26T04:04:24Z [AreaTriggerEvents] Created trigger TempleWolfTrap at 591 14.3 390 ori: 0 0 0
2025-01-26T04:04:24Z [AreaTriggerEvents] Created trigger TempleInside1 at 865 19.2 410 ori: 0 0 0
2025-01-26T04:04:24Z [AreaTriggerEvents] Created trigger TempleInside2 at 828 38 484 ori: 0 0 0
2025-01-26T04:04:24Z [AreaTriggerEvents] Created trigger TempleHammerTrigger at 366 54.3 868 ori: 0 0 0
2025-01-26T04:04:24Z [AreaTriggerEvents] Created trigger TemplePartB1 at 405 130 1517 ori: 0 0 0
2025-01-26T04:04:24Z [AreaTriggerEvents] Created trigger TemplePartB2 at 417 2.4 1591 ori: 0 0 0
2025-01-26T04:16:32Z [AreaTriggerEvents] Created trigger ArcticCrypt at 15621 231.4 14845 ori: 0 0 0
2025-01-26T04:16:32Z [AreaTriggerEvents] Created trigger ArcticCrypt2 at 15640 258.6 14828 ori: 0 0 0
2025-01-26T04:16:32Z [AreaTriggerEvents] Created trigger ArcticCrypt3 at 15642 208.9 14788 ori: 0 0 0
2025-01-26T04:16:32Z [AreaTriggerEvents] Created trigger KMUCMain at 7059 573.5 11620 ori: 0 0 0
2025-01-26T04:16:32Z [AreaTriggerEvents] Created trigger KMUCMainBottom at 7249 224.8 11617 ori: 0 0 0
2025-01-26T04:16:32Z [AreaTriggerEvents] Created trigger TempleBridgeJump at 371 49.6 526 ori: 0 0 0
2025-01-26T04:16:32Z [AreaTriggerEvents] Created trigger TempleOutsideTop1 at 739.5 38 483 ori: 0 0 0
2025-01-26T04:16:32Z [AreaTriggerEvents] Created trigger TempleOutsideTop2 at 670 49.5 306 ori: 0 0 0
2025-01-26T04:16:32Z [AreaTriggerEvents] Created trigger TempleWolfTrap at 591 14.3 390 ori: 0 0 0
2025-01-26T04:16:32Z [AreaTriggerEvents] Created trigger TempleInside1 at 865 19.2 410 ori: 0 0 0
2025-01-26T04:16:32Z [AreaTriggerEvents] Created trigger TempleInside2 at 828 38 484 ori: 0 0 0
2025-01-26T04:16:32Z [AreaTriggerEvents] Created trigger TempleHammerTrigger at 366 54.3 868 ori: 0 0 0
2025-01-26T04:16:32Z [AreaTriggerEvents] Created trigger TemplePartB1 at 405 130 1517 ori: 0 0 0
2025-01-26T04:16:32Z [AreaTriggerEvents] Created trigger TemplePartB2 at 417 2.4 1591 ori: 0 0 0
2025-01-26T04:18:04Z [AreaTriggerEvents] Created trigger ArcticCrypt at 15621 231.4 14845 ori: 0 0 0
2025-01-26T04:18:04Z [AreaTriggerEvents] Created trigger ArcticCrypt2 at 15640 258.6 14828 ori: 0 0 0
2025-01-26T04:18:04Z [AreaTriggerEvents] Created trigger ArcticCrypt3 at 15642 208.9 14788 ori: 0 0 0
2025-01-26T04:18:04Z [AreaTriggerEvents] Created trigger KMUCMain at 7059 573.5 11620 ori: 0 0 0
2025-01-26T04:18:04Z [AreaTriggerEvents] Created trigger KMUCMainBottom at 7249 224.8 11617 ori: 0 0 0
2025-01-26T04:18:04Z [AreaTriggerEvents] Created trigger TempleBridgeJump at 371 49.6 526 ori: 0 0 0
2025-01-26T04:18:04Z [AreaTriggerEvents] Created trigger TempleOutsideTop1 at 739.5 38 483 ori: 0 0 0
2025-01-26T04:18:04Z [AreaTriggerEvents] Created trigger TempleOutsideTop2 at 670 49.5 306 ori: 0 0 0
2025-01-26T04:18:04Z [AreaTriggerEvents] Created trigger TempleWolfTrap at 591 14.3 390 ori: 0 0 0
2025-01-26T04:18:04Z [AreaTriggerEvents] Created trigger TempleInside1 at 865 19.2 410 ori: 0 0 0
2025-01-26T04:18:04Z [AreaTriggerEvents] Created trigger TempleInside2 at 828 38 484 ori: 0 0 0
2025-01-26T04:18:04Z [AreaTriggerEvents] Created trigger TempleHammerTrigger at 366 54.3 868 ori: 0 0 0
2025-01-26T04:18:04Z [AreaTriggerEvents] Created trigger TemplePartB1 at 405 130 1517 ori: 0 0 0
2025-01-26T04:18:04Z [AreaTriggerEvents] Created trigger TemplePartB2 at 417 2.4 1591 ori: 0 0 0
2025-01-26T04:27:21Z [AreaTriggerEvents] Created trigger ArcticCrypt at 15621 231.4 14845 ori: 0 0 0
2025-01-26T04:27:21Z [AreaTriggerEvents] Created trigger ArcticCrypt2 at 15640 258.6 14828 ori: 0 0 0
2025-01-26T04:27:21Z [AreaTriggerEvents] Created trigger ArcticCrypt3 at 15642 208.9 14788 ori: 0 0 0
2025-01-26T04:27:21Z [AreaTriggerEvents] Created trigger KMUCMain at 7059 573.5 11620 ori: 0 0 0
2025-01-26T04:27:21Z [AreaTriggerEvents] Created trigger KMUCMainBottom at 7249 224.8 11617 ori: 0 0 0
2025-01-26T04:27:21Z [AreaTriggerEvents] Created trigger TempleBridgeJump at 371 49.6 526 ori: 0 0 0
2025-01-26T04:27:21Z [AreaTriggerEvents] Created trigger TempleOutsideTop1 at 739.5 38 483 ori: 0 0 0
2025-01-26T04:27:21Z [AreaTriggerEvents] Created trigger TempleOutsideTop2 at 670 49.5 306 ori: 0 0 0
2025-01-26T04:27:21Z [AreaTriggerEvents] Created trigger TempleWolfTrap at 591 14.3 390 ori: 0 0 0
2025-01-26T04:27:21Z [AreaTriggerEvents] Created trigger TempleInside1 at 865 19.2 410 ori: 0 0 0
2025-01-26T04:27:21Z [AreaTriggerEvents] Created trigger TempleInside2 at 828 38 484 ori: 0 0 0
2025-01-26T04:27:21Z [AreaTriggerEvents] Created trigger TempleHammerTrigger at 366 54.3 868 ori: 0 0 0
2025-01-26T04:27:21Z [AreaTriggerEvents] Created trigger TemplePartB1 at 405 130 1517 ori: 0 0 0
2025-01-26T04:27:21Z [AreaTriggerEvents] Created trigger TemplePartB2 at 417 2.4 1591 ori: 0 0 0
2025-01-26T04:33:53Z [AreaTriggerEvents] Created trigger ArcticCrypt at 15621 231.4 14845 ori: 0 0 0
2025-01-26T04:33:53Z [AreaTriggerEvents] Created trigger ArcticCrypt2 at 15640 258.6 14828 ori: 0 0 0
2025-01-26T04:33:53Z [AreaTriggerEvents] Created trigger ArcticCrypt3 at 15642 208.9 14788 ori: 0 0 0
2025-01-26T04:33:53Z [AreaTriggerEvents] Created trigger KMUCMain at 7059 573.5 11620 ori: 0 0 0
2025-01-26T04:33:53Z [AreaTriggerEvents] Created trigger KMUCMainBottom at 7249 224.8 11617 ori: 0 0 0
2025-01-26T04:33:53Z [AreaTriggerEvents] Created trigger TempleBridgeJump at 371 49.6 526 ori: 0 0 0
2025-01-26T04:33:53Z [AreaTriggerEvents] Created trigger TempleOutsideTop1 at 739.5 38 483 ori: 0 0 0
2025-01-26T04:33:53Z [AreaTriggerEvents] Created trigger TempleOutsideTop2 at 670 49.5 306 ori: 0 0 0
2025-01-26T04:33:53Z [AreaTriggerEvents] Created trigger TempleWolfTrap at 591 14.3 390 ori: 0 0 0
2025-01-26T04:33:53Z [AreaTriggerEvents] Created trigger TempleInside1 at 865 19.2 410 ori: 0 0 0
2025-01-26T04:33:53Z [AreaTriggerEvents] Created trigger TempleInside2 at 828 38 484 ori: 0 0 0
2025-01-26T04:33:53Z [AreaTriggerEvents] Created trigger TempleHammerTrigger at 366 54.3 868 ori: 0 0 0
2025-01-26T04:33:53Z [AreaTriggerEvents] Created trigger TemplePartB1 at 405 130 1517 ori: 0 0 0
2025-01-26T04:33:53Z [AreaTriggerEvents] Created trigger TemplePartB2 at 417 2.4 1591 ori: 0 0 0
2025-01-26T04:49:02Z [AreaTriggerEvents] Created trigger ArcticCrypt at 15621 231.4 14845 ori: 0 0 0
2025-01-26T04:49:02Z [AreaTriggerEvents] Created trigger ArcticCrypt2 at 15640 258.6 14828 ori: 0 0 0
2025-01-26T04:49:02Z [AreaTriggerEvents] Created trigger ArcticCrypt3 at 15642 208.9 14788 ori: 0 0 0
2025-01-26T04:49:02Z [AreaTriggerEvents] Created trigger KMUCMain at 7059 573.5 11620 ori: 0 0 0
2025-01-26T04:49:02Z [AreaTriggerEvents] Created trigger KMUCMainBottom at 7249 224.8 11617 ori: 0 0 0
2025-01-26T04:49:02Z [AreaTriggerEvents] Created trigger TempleBridgeJump at 371 49.6 526 ori: 0 0 0
2025-01-26T04:49:02Z [AreaTriggerEvents] Created trigger TempleOutsideTop1 at 739.5 38 483 ori: 0 0 0
2025-01-26T04:49:02Z [AreaTriggerEvents] Created trigger TempleOutsideTop2 at 670 49.5 306 ori: 0 0 0
2025-01-26T04:49:02Z [AreaTriggerEvents] Created trigger TempleWolfTrap at 591 14.3 390 ori: 0 0 0
2025-01-26T04:49:02Z [AreaTriggerEvents] Created trigger TempleInside1 at 865 19.2 410 ori: 0 0 0
2025-01-26T04:49:02Z [AreaTriggerEvents] Created trigger TempleInside2 at 828 38 484 ori: 0 0 0
2025-01-26T04:49:02Z [AreaTriggerEvents] Created trigger TempleHammerTrigger at 366 54.3 868 ori: 0 0 0
2025-01-26T04:49:02Z [AreaTriggerEvents] Created trigger TemplePartB1 at 405 130 1517 ori: 0 0 0
2025-01-26T04:49:02Z [AreaTriggerEvents] Created trigger TemplePartB2 at 417 2.4 1591 ori: 0 0 0
2025-01-26T04:52:05Z [AreaTriggerEvents] Created trigger ArcticCrypt at 15621 231.4 14845 ori: 0 0 0
2025-01-26T04:52:05Z [AreaTriggerEvents] Created trigger ArcticCrypt2 at 15640 258.6 14828 ori: 0 0 0
2025-01-26T04:52:05Z [AreaTriggerEvents] Created trigger ArcticCrypt3 at 15642 208.9 14788 ori: 0 0 0
2025-01-26T04:52:05Z [AreaTriggerEvents] Created trigger KMUCMain at 7059 573.5 11620 ori: 0 0 0
2025-01-26T04:52:05Z [AreaTriggerEvents] Created trigger KMUCMainBottom at 7249 224.8 11617 ori: 0 0 0
2025-01-26T04:52:05Z [AreaTriggerEvents] Created trigger TempleBridgeJump at 371 49.6 526 ori: 0 0 0
2025-01-26T04:52:05Z [AreaTriggerEvents] Created trigger TempleOutsideTop1 at 739.5 38 483 ori: 0 0 0
2025-01-26T04:52:05Z [AreaTriggerEvents] Created trigger TempleOutsideTop2 at 670 49.5 306 ori: 0 0 0
2025-01-26T04:52:05Z [AreaTriggerEvents] Created trigger TempleWolfTrap at 591 14.3 390 ori: 0 0 0
2025-01-26T04:52:05Z [AreaTriggerEvents] Created trigger TempleInside1 at 865 19.2 410 ori: 0 0 0
2025-01-26T04:52:05Z [AreaTriggerEvents] Created trigger TempleInside2 at 828 38 484 ori: 0 0 0
2025-01-26T04:52:05Z [AreaTriggerEvents] Created trigger TempleHammerTrigger at 366 54.3 868 ori: 0 0 0
2025-01-26T04:52:05Z [AreaTriggerEvents] Created trigger TemplePartB1 at 405 130 1517 ori: 0 0 0
2025-01-26T04:52:05Z [AreaTriggerEvents] Created trigger TemplePartB2 at 417 2.4 1591 ori: 0 0 0
2025-01-26T04:56:33Z [AreaTriggerEvents] Created trigger ArcticCrypt at 15621 231.4 14845 ori: 0 0 0
2025-01-26T04:56:33Z [AreaTriggerEvents] Created trigger ArcticCrypt2 at 15640 258.6 14828 ori: 0 0 0
2025-01-26T04:56:33Z [AreaTriggerEvents] Created trigger ArcticCrypt3 at 15642 208.9 14788 ori: 0 0 0
2025-01-26T04:56:33Z [AreaTriggerEvents] Created trigger KMUCMain at 7059 573.5 11620 ori: 0 0 0
2025-01-26T04:56:33Z [AreaTriggerEvents] Created trigger KMUCMainBottom at 7249 224.8 11617 ori: 0 0 0
2025-01-26T04:56:33Z [AreaTriggerEvents] Created trigger TempleBridgeJump at 371 49.6 526 ori: 0 0 0
2025-01-26T04:56:33Z [AreaTriggerEvents] Created trigger TempleOutsideTop1 at 739.5 38 483 ori: 0 0 0
2025-01-26T04:56:33Z [AreaTriggerEvents] Created trigger TempleOutsideTop2 at 670 49.5 306 ori: 0 0 0
2025-01-26T04:56:33Z [AreaTriggerEvents] Created trigger TempleWolfTrap at 591 14.3 390 ori: 0 0 0
2025-01-26T04:56:33Z [AreaTriggerEvents] Created trigger TempleInside1 at 865 19.2 410 ori: 0 0 0
2025-01-26T04:56:33Z [AreaTriggerEvents] Created trigger TempleInside2 at 828 38 484 ori: 0 0 0
2025-01-26T04:56:33Z [AreaTriggerEvents] Created trigger TempleHammerTrigger at 366 54.3 868 ori: 0 0 0
2025-01-26T04:56:33Z [AreaTriggerEvents] Created trigger TemplePartB1 at 405 130 1517 ori: 0 0 0
2025-01-26T04:56:33Z [AreaTriggerEvents] Created trigger TemplePartB2 at 417 2.4 1591 ori: 0 0 0
2025-01-26T04:58:17Z [AreaTriggerEvents] Created trigger ArcticCrypt at 15621 231.4 14845 ori: 0 0 0
2025-01-26T04:58:17Z [AreaTriggerEvents] Created trigger ArcticCrypt2 at 15640 258.6 14828 ori: 0 0 0
2025-01-26T04:58:17Z [AreaTriggerEvents] Created trigger ArcticCrypt3 at 15642 208.9 14788 ori: 0 0 0
2025-01-26T04:58:17Z [AreaTriggerEvents] Created trigger KMUCMain at 7059 573.5 11620 ori: 0 0 0
2025-01-26T04:58:17Z [AreaTriggerEvents] Created trigger KMUCMainBottom at 7249 224.8 11617 ori: 0 0 0
2025-01-26T04:58:17Z [AreaTriggerEvents] Created trigger TempleBridgeJump at 371 49.6 526 ori: 0 0 0
2025-01-26T04:58:17Z [AreaTriggerEvents] Created trigger TempleOutsideTop1 at 739.5 38 483 ori: 0 0 0
2025-01-26T04:58:17Z [AreaTriggerEvents] Created trigger TempleOutsideTop2 at 670 49.5 306 ori: 0 0 0
2025-01-26T04:58:17Z [AreaTriggerEvents] Created trigger TempleWolfTrap at 591 14.3 390 ori: 0 0 0
2025-01-26T04:58:17Z [AreaTriggerEvents] Created trigger TempleInside1 at 865 19.2 410 ori: 0 0 0
2025-01-26T04:58:17Z [AreaTriggerEvents] Created trigger TempleInside2 at 828 38 484 ori: 0 0 0
2025-01-26T04:58:17Z [AreaTriggerEvents] Created trigger TempleHammerTrigger at 366 54.3 868 ori: 0 0 0
2025-01-26T04:58:17Z [AreaTriggerEvents] Created trigger TemplePartB1 at 405 130 1517 ori: 0 0 0
2025-01-26T04:58:17Z [AreaTriggerEvents] Created trigger TemplePartB2 at 417 2.4 1591 ori: 0 0 0
2025-01-26T05:00:54Z [AreaTriggerEvents] Created trigger ArcticCrypt at 15621 231.4 14845 ori: 0 0 0
2025-01-26T05:00:54Z [AreaTriggerEvents] Created trigger ArcticCrypt2 at 15640 258.6 14828 ori: 0 0 0
2025-01-26T05:00:54Z [AreaTriggerEvents] Created trigger ArcticCrypt3 at 15642 208.9 14788 ori: 0 0 0
2025-01-26T05:00:54Z [AreaTriggerEvents] Created trigger KMUCMain at 7059 573.5 11620 ori: 0 0 0
2025-01-26T05:00:54Z [AreaTriggerEvents] Created trigger KMUCMainBottom at 7249 224.8 11617 ori: 0 0 0
2025-01-26T05:00:54Z [AreaTriggerEvents] Created trigger TempleBridgeJump at 371 49.6 526 ori: 0 0 0
2025-01-26T05:00:54Z [AreaTriggerEvents] Created trigger TempleOutsideTop1 at 739.5 38 483 ori: 0 0 0
2025-01-26T05:00:54Z [AreaTriggerEvents] Created trigger TempleOutsideTop2 at 670 49.5 306 ori: 0 0 0
2025-01-26T05:00:54Z [AreaTriggerEvents] Created trigger TempleWolfTrap at 591 14.3 390 ori: 0 0 0
2025-01-26T05:00:54Z [AreaTriggerEvents] Created trigger TempleInside1 at 865 19.2 410 ori: 0 0 0
2025-01-26T05:00:54Z [AreaTriggerEvents] Created trigger TempleInside2 at 828 38 484 ori: 0 0 0
2025-01-26T05:00:54Z [AreaTriggerEvents] Created trigger TempleHammerTrigger at 366 54.3 868 ori: 0 0 0
2025-01-26T05:00:54Z [AreaTriggerEvents] Created trigger TemplePartB1 at 405 130 1517 ori: 0 0 0
2025-01-26T05:00:54Z [AreaTriggerEvents] Created trigger TemplePartB2 at 417 2.4 1591 ori: 0 0 0
2025-01-26T05:03:57Z [AreaTriggerEvents] Created trigger ArcticCrypt at 15621 231.4 14845 ori: 0 0 0
2025-01-26T05:03:57Z [AreaTriggerEvents] Created trigger ArcticCrypt2 at 15640 258.6 14828 ori: 0 0 0
2025-01-26T05:03:57Z [AreaTriggerEvents] Created trigger ArcticCrypt3 at 15642 208.9 14788 ori: 0 0 0
2025-01-26T05:03:57Z [AreaTriggerEvents] Created trigger KMUCMain at 7059 573.5 11620 ori: 0 0 0
2025-01-26T05:03:57Z [AreaTriggerEvents] Created trigger KMUCMainBottom at 7249 224.8 11617 ori: 0 0 0
2025-01-26T05:03:57Z [AreaTriggerEvents] Created trigger TempleBridgeJump at 371 49.6 526 ori: 0 0 0
2025-01-26T05:03:57Z [AreaTriggerEvents] Created trigger TempleOutsideTop1 at 739.5 38 483 ori: 0 0 0
2025-01-26T05:03:57Z [AreaTriggerEvents] Created trigger TempleOutsideTop2 at 670 49.5 306 ori: 0 0 0
2025-01-26T05:03:57Z [AreaTriggerEvents] Created trigger TempleWolfTrap at 591 14.3 390 ori: 0 0 0
2025-01-26T05:03:57Z [AreaTriggerEvents] Created trigger TempleInside1 at 865 19.2 410 ori: 0 0 0
2025-01-26T05:03:57Z [AreaTriggerEvents] Created trigger TempleInside2 at 828 38 484 ori: 0 0 0
2025-01-26T05:03:57Z [AreaTriggerEvents] Created trigger TempleHammerTrigger at 366 54.3 868 ori: 0 0 0
2025-01-26T05:03:57Z [AreaTriggerEvents] Created trigger TemplePartB1 at 405 130 1517 ori: 0 0 0
2025-01-26T05:03:57Z [AreaTriggerEvents] Created trigger TemplePartB2 at 417 2.4 1591 ori: 0 0 0
2025-01-26T05:08:06Z [AreaTriggerEvents] Created trigger ArcticCrypt at 15621 231.4 14845 ori: 0 0 0
2025-01-26T05:08:06Z [AreaTriggerEvents] Created trigger ArcticCrypt2 at 15640 258.6 14828 ori: 0 0 0
2025-01-26T05:08:06Z [AreaTriggerEvents] Created trigger ArcticCrypt3 at 15642 208.9 14788 ori: 0 0 0
2025-01-26T05:08:06Z [AreaTriggerEvents] Created trigger KMUCMain at 7059 573.5 11620 ori: 0 0 0
2025-01-26T05:08:06Z [AreaTriggerEvents] Created trigger KMUCMainBottom at 7249 224.8 11617 ori: 0 0 0
2025-01-26T05:08:06Z [AreaTriggerEvents] Created trigger TempleBridgeJump at 371 49.6 526 ori: 0 0 0
2025-01-26T05:08:06Z [AreaTriggerEvents] Created trigger TempleOutsideTop1 at 739.5 38 483 ori: 0 0 0
2025-01-26T05:08:06Z [AreaTriggerEvents] Created trigger TempleOutsideTop2 at 670 49.5 306 ori: 0 0 0
2025-01-26T05:08:06Z [AreaTriggerEvents] Created trigger TempleWolfTrap at 591 14.3 390 ori: 0 0 0
2025-01-26T05:08:06Z [AreaTriggerEvents] Created trigger TempleInside1 at 865 19.2 410 ori: 0 0 0
2025-01-26T05:08:06Z [AreaTriggerEvents] Created trigger TempleInside2 at 828 38 484 ori: 0 0 0
2025-01-26T05:08:06Z [AreaTriggerEvents] Created trigger TempleHammerTrigger at 366 54.3 868 ori: 0 0 0
2025-01-26T05:08:06Z [AreaTriggerEvents] Created trigger TemplePartB1 at 405 130 1517 ori: 0 0 0
2025-01-26T05:08:06Z [AreaTriggerEvents] Created trigger TemplePartB2 at 417 2.4 1591 ori: 0 0 0
2025-01-26T18:35:32Z [AreaTriggerEvents] Created trigger ArcticCrypt at 15621 231.4 14845 ori: 0 0 0
2025-01-26T18:35:32Z [AreaTriggerEvents] Created trigger ArcticCrypt2 at 15640 258.6 14828 ori: 0 0 0
2025-01-26T18:35:32Z [AreaTriggerEvents] Created trigger ArcticCrypt3 at 15642 208.9 14788 ori: 0 0 0
2025-01-26T18:35:32Z [AreaTriggerEvents] Created trigger KMUCMain at 7059 573.5 11620 ori: 0 0 0
2025-01-26T18:35:32Z [AreaTriggerEvents] Created trigger KMUCMainBottom at 7249 224.8 11617 ori: 0 0 0
2025-01-26T18:35:32Z [AreaTriggerEvents] Created trigger TempleBridgeJump at 371 49.6 526 ori: 0 0 0
2025-01-26T18:35:32Z [AreaTriggerEvents] Created trigger TempleOutsideTop1 at 739.5 38 483 ori: 0 0 0
2025-01-26T18:35:32Z [AreaTriggerEvents] Created trigger TempleOutsideTop2 at 670 49.5 306 ori: 0 0 0
2025-01-26T18:35:32Z [AreaTriggerEvents] Created trigger TempleWolfTrap at 591 14.3 390 ori: 0 0 0
2025-01-26T18:35:32Z [AreaTriggerEvents] Created trigger TempleInside1 at 865 19.2 410 ori: 0 0 0
2025-01-26T18:35:32Z [AreaTriggerEvents] Created trigger TempleInside2 at 828 38 484 ori: 0 0 0
2025-01-26T18:35:32Z [AreaTriggerEvents] Created trigger TempleHammerTrigger at 366 54.3 868 ori: 0 0 0
2025-01-26T18:35:32Z [AreaTriggerEvents] Created trigger TemplePartB1 at 405 130 1517 ori: 0 0 0
2025-01-26T18:35:32Z [AreaTriggerEvents] Created trigger TemplePartB2 at 417 2.4 1591 ori: 0 0 0
2025-01-26T18:39:38Z [AreaTriggerEvents] Created trigger ArcticCrypt at 15621 231.4 14845 ori: 0 0 0
2025-01-26T18:39:38Z [AreaTriggerEvents] Created trigger ArcticCrypt2 at 15640 258.6 14828 ori: 0 0 0
2025-01-26T18:39:38Z [AreaTriggerEvents] Created trigger ArcticCrypt3 at 15642 208.9 14788 ori: 0 0 0
2025-01-26T18:39:38Z [AreaTriggerEvents] Created trigger KMUCMain at 7059 573.5 11620 ori: 0 0 0
2025-01-26T18:39:38Z [AreaTriggerEvents] Created trigger KMUCMainBottom at 7249 224.8 11617 ori: 0 0 0
2025-01-26T18:39:38Z [AreaTriggerEvents] Created trigger TempleBridgeJump at 371 49.6 526 ori: 0 0 0
2025-01-26T18:39:38Z [AreaTriggerEvents] Created trigger TempleOutsideTop1 at 739.5 38 483 ori: 0 0 0
2025-01-26T18:39:38Z [AreaTriggerEvents] Created trigger TempleOutsideTop2 at 670 49.5 306 ori: 0 0 0
2025-01-26T18:39:38Z [AreaTriggerEvents] Created trigger TempleWolfTrap at 591 14.3 390 ori: 0 0 0
2025-01-26T18:39:38Z [AreaTriggerEvents] Created trigger TempleInside1 at 865 19.2 410 ori: 0 0 0
2025-01-26T18:39:38Z [AreaTriggerEvents] Created trigger TempleInside2 at 828 38 484 ori: 0 0 0
2025-01-26T18:39:38Z [AreaTriggerEvents] Created trigger TempleHammerTrigger at 366 54.3 868 ori: 0 0 0
2025-01-26T18:39:38Z [AreaTriggerEvents] Created trigger TemplePartB1 at 405 130 1517 ori: 0 0 0
2025-01-26T18:39:38Z [AreaTriggerEvents] Created trigger TemplePartB2 at 417 2.4 1591 ori: 0 0 0
2025-01-26T19:18:46Z [AreaTriggerEvents] Created trigger ArcticCrypt at 15621 231.4 14845 ori: 0 0 0
2025-01-26T19:18:46Z [AreaTriggerEvents] Created trigger ArcticCrypt2 at 15640 258.6 14828 ori: 0 0 0
2025-01-26T19:18:46Z [AreaTriggerEvents] Created trigger ArcticCrypt3 at 15642 208.9 14788 ori: 0 0 0
2025-01-26T19:18:46Z [AreaTriggerEvents] Created trigger KMUCMain at 7059 573.5 11620 ori: 0 0 0
2025-01-26T19:18:46Z [AreaTriggerEvents] Created trigger KMUCMainBottom at 7249 224.8 11617 ori: 0 0 0
2025-01-26T19:18:46Z [AreaTriggerEvents] Created trigger TempleBridgeJump at 371 49.6 526 ori: 0 0 0
2025-01-26T19:18:46Z [AreaTriggerEvents] Created trigger TempleOutsideTop1 at 739.5 38 483 ori: 0 0 0
2025-01-26T19:18:46Z [AreaTriggerEvents] Created trigger TempleOutsideTop2 at 670 49.5 306 ori: 0 0 0
2025-01-26T19:18:46Z [AreaTriggerEvents] Created trigger TempleWolfTrap at 591 14.3 390 ori: 0 0 0
2025-01-26T19:18:46Z [AreaTriggerEvents] Created trigger TempleInside1 at 865 19.2 410 ori: 0 0 0
2025-01-26T19:18:46Z [AreaTriggerEvents] Created trigger TempleInside2 at 828 38 484 ori: 0 0 0
2025-01-26T19:18:46Z [AreaTriggerEvents] Created trigger TempleHammerTrigger at 366 54.3 868 ori: 0 0 0
2025-01-26T19:18:46Z [AreaTriggerEvents] Created trigger TemplePartB1 at 405 130 1517 ori: 0 0 0
2025-01-26T19:18:46Z [AreaTriggerEvents] Created trigger TemplePartB2 at 417 2.4 1591 ori: 0 0 0
2025-01-26T19:22:45Z [AreaTriggerEvents] Created trigger ArcticCrypt at 15621 231.4 14845 ori: 0 0 0
2025-01-26T19:22:45Z [AreaTriggerEvents] Created trigger ArcticCrypt2 at 15640 258.6 14828 ori: 0 0 0
2025-01-26T19:22:45Z [AreaTriggerEvents] Created trigger ArcticCrypt3 at 15642 208.9 14788 ori: 0 0 0
2025-01-26T19:22:45Z [AreaTriggerEvents] Created trigger KMUCMain at 7059 573.5 11620 ori: 0 0 0
2025-01-26T19:22:45Z [AreaTriggerEvents] Created trigger KMUCMainBottom at 7249 224.8 11617 ori: 0 0 0
2025-01-26T19:22:45Z [AreaTriggerEvents] Created trigger TempleBridgeJump at 371 49.6 526 ori: 0 0 0
2025-01-26T19:22:45Z [AreaTriggerEvents] Created trigger TempleOutsideTop1 at 739.5 38 483 ori: 0 0 0
2025-01-26T19:22:45Z [AreaTriggerEvents] Created trigger TempleOutsideTop2 at 670 49.5 306 ori: 0 0 0
2025-01-26T19:22:45Z [AreaTriggerEvents] Created trigger TempleWolfTrap at 591 14.3 390 ori: 0 0 0
2025-01-26T19:22:45Z [AreaTriggerEvents] Created trigger TempleInside1 at 865 19.2 410 ori: 0 0 0
2025-01-26T19:22:45Z [AreaTriggerEvents] Created trigger TempleInside2 at 828 38 484 ori: 0 0 0
2025-01-26T19:22:45Z [AreaTriggerEvents] Created trigger TempleHammerTrigger at 366 54.3 868 ori: 0 0 0
2025-01-26T19:22:45Z [AreaTriggerEvents] Created trigger TemplePartB1 at 405 130 1517 ori: 0 0 0
2025-01-26T19:22:45Z [AreaTriggerEvents] Created trigger TemplePartB2 at 417 2.4 1591 ori: 0 0 0
2025-01-26T19:37:43Z [AreaTriggerEvents] Created trigger ArcticCrypt at 15621 231.4 14845 ori: 0 0 0
2025-01-26T19:37:43Z [AreaTriggerEvents] Created trigger ArcticCrypt2 at 15640 258.6 14828 ori: 0 0 0
2025-01-26T19:37:43Z [AreaTriggerEvents] Created trigger ArcticCrypt3 at 15642 208.9 14788 ori: 0 0 0
2025-01-26T19:37:43Z [AreaTriggerEvents] Created trigger KMUCMain at 7059 573.5 11620 ori: 0 0 0
2025-01-26T19:37:43Z [AreaTriggerEvents] Created trigger KMUCMainBottom at 7249 224.8 11617 ori: 0 0 0
2025-01-26T19:37:43Z [AreaTriggerEvents] Created trigger TempleBridgeJump at 371 49.6 526 ori: 0 0 0
2025-01-26T19:37:43Z [AreaTriggerEvents] Created trigger TempleOutsideTop1 at 739.5 38 483 ori: 0 0 0
2025-01-26T19:37:43Z [AreaTriggerEvents] Created trigger TempleOutsideTop2 at 670 49.5 306 ori: 0 0 0
2025-01-26T19:37:43Z [AreaTriggerEvents] Created trigger TempleWolfTrap at 591 14.3 390 ori: 0 0 0
2025-01-26T19:37:43Z [AreaTriggerEvents] Created trigger TempleInside1 at 865 19.2 410 ori: 0 0 0
2025-01-26T19:37:43Z [AreaTriggerEvents] Created trigger TempleInside2 at 828 38 484 ori: 0 0 0
2025-01-26T19:37:43Z [AreaTriggerEvents] Created trigger TempleHammerTrigger at 366 54.3 868 ori: 0 0 0
2025-01-26T19:37:43Z [AreaTriggerEvents] Created trigger TemplePartB1 at 405 130 1517 ori: 0 0 0
2025-01-26T19:37:43Z [AreaTriggerEvents] Created trigger TemplePartB2 at 417 2.4 1591 ori: 0 0 0
2025-01-26T19:46:45Z [AreaTriggerEvents] Created trigger ArcticCrypt at 15621 231.4 14845 ori: 0 0 0
2025-01-26T19:46:45Z [AreaTriggerEvents] Created trigger ArcticCrypt2 at 15640 258.6 14828 ori: 0 0 0
2025-01-26T19:46:45Z [AreaTriggerEvents] Created trigger ArcticCrypt3 at 15642 208.9 14788 ori: 0 0 0
2025-01-26T19:46:45Z [AreaTriggerEvents] Created trigger KMUCMain at 7059 573.5 11620 ori: 0 0 0
2025-01-26T19:46:45Z [AreaTriggerEvents] Created trigger KMUCMainBottom at 7249 224.8 11617 ori: 0 0 0
2025-01-26T19:46:45Z [AreaTriggerEvents] Created trigger TempleBridgeJump at 371 49.6 526 ori: 0 0 0
2025-01-26T19:46:45Z [AreaTriggerEvents] Created trigger TempleOutsideTop1 at 739.5 38 483 ori: 0 0 0
2025-01-26T19:46:45Z [AreaTriggerEvents] Created trigger TempleOutsideTop2 at 670 49.5 306 ori: 0 0 0
2025-01-26T19:46:45Z [AreaTriggerEvents] Created trigger TempleWolfTrap at 591 14.3 390 ori: 0 0 0
2025-01-26T19:46:45Z [AreaTriggerEvents] Created trigger TempleInside1 at 865 19.2 410 ori: 0 0 0
2025-01-26T19:46:45Z [AreaTriggerEvents] Created trigger TempleInside2 at 828 38 484 ori: 0 0 0
2025-01-26T19:46:45Z [AreaTriggerEvents] Created trigger TempleHammerTrigger at 366 54.3 868 ori: 0 0 0
2025-01-26T19:46:45Z [AreaTriggerEvents] Created trigger TemplePartB1 at 405 130 1517 ori: 0 0 0
2025-01-26T19:46:45Z [AreaTriggerEvents] Created trigger TemplePartB2 at 417 2.4 1591 ori: 0 0 0
2025-01-26T19:58:06Z [AreaTriggerEvents] Created trigger ArcticCrypt at 15621 231.4 14845 ori: 0 0 0
2025-01-26T19:58:06Z [AreaTriggerEvents] Created trigger ArcticCrypt2 at 15640 258.6 14828 ori: 0 0 0
2025-01-26T19:58:06Z [AreaTriggerEvents] Created trigger ArcticCrypt3 at 15642 208.9 14788 ori: 0 0 0
2025-01-26T19:58:06Z [AreaTriggerEvents] Created trigger KMUCMain at 7059 573.5 11620 ori: 0 0 0
2025-01-26T19:58:06Z [AreaTriggerEvents] Created trigger KMUCMainBottom at 7249 224.8 11617 ori: 0 0 0
2025-01-26T19:58:06Z [AreaTriggerEvents] Created trigger TempleBridgeJump at 371 49.6 526 ori: 0 0 0
2025-01-26T19:58:06Z [AreaTriggerEvents] Created trigger TempleOutsideTop1 at 739.5 38 483 ori: 0 0 0
2025-01-26T19:58:06Z [AreaTriggerEvents] Created trigger TempleOutsideTop2 at 670 49.5 306 ori: 0 0 0
2025-01-26T19:58:06Z [AreaTriggerEvents] Created trigger TempleWolfTrap at 591 14.3 390 ori: 0 0 0
2025-01-26T19:58:06Z [AreaTriggerEvents] Created trigger TempleInside1 at 865 19.2 410 ori: 0 0 0
2025-01-26T19:58:06Z [AreaTriggerEvents] Created trigger TempleInside2 at 828 38 484 ori: 0 0 0
2025-01-26T19:58:06Z [AreaTriggerEvents] Created trigger TempleHammerTrigger at 366 54.3 868 ori: 0 0 0
2025-01-26T19:58:06Z [AreaTriggerEvents] Created trigger TemplePartB1 at 405 130 1517 ori: 0 0 0
2025-01-26T19:58:06Z [AreaTriggerEvents] Created trigger TemplePartB2 at 417 2.4 1591 ori: 0 0 0
2025-01-26T20:01:18Z [AreaTriggerEvents] Created trigger ArcticCrypt at 15621 231.4 14845 ori: 0 0 0
2025-01-26T20:01:18Z [AreaTriggerEvents] Created trigger ArcticCrypt2 at 15640 258.6 14828 ori: 0 0 0
2025-01-26T20:01:18Z [AreaTriggerEvents] Created trigger ArcticCrypt3 at 15642 208.9 14788 ori: 0 0 0
2025-01-26T20:01:18Z [AreaTriggerEvents] Created trigger KMUCMain at 7059 573.5 11620 ori: 0 0 0
2025-01-26T20:01:18Z [AreaTriggerEvents] Created trigger KMUCMainBottom at 7249 224.8 11617 ori: 0 0 0
2025-01-26T20:01:18Z [AreaTriggerEvents] Created trigger TempleBridgeJump at 371 49.6 526 ori: 0 0 0
2025-01-26T20:01:18Z [AreaTriggerEvents] Created trigger TempleOutsideTop1 at 739.5 38 483 ori: 0 0 0
2025-01-26T20:01:18Z [AreaTriggerEvents] Created trigger TempleOutsideTop2 at 670 49.5 306 ori: 0 0 0
2025-01-26T20:01:18Z [AreaTriggerEvents] Created trigger TempleWolfTrap at 591 14.3 390 ori: 0 0 0
2025-01-26T20:01:18Z [AreaTriggerEvents] Created trigger TempleInside1 at 865 19.2 410 ori: 0 0 0
2025-01-26T20:01:18Z [AreaTriggerEvents] Created trigger TempleInside2 at 828 38 484 ori: 0 0 0
2025-01-26T20:01:18Z [AreaTriggerEvents] Created trigger TempleHammerTrigger at 366 54.3 868 ori: 0 0 0
2025-01-26T20:01:18Z [AreaTriggerEvents] Created trigger TemplePartB1 at 405 130 1517 ori: 0 0 0
2025-01-26T20:01:18Z [AreaTriggerEvents] Created trigger TemplePartB2 at 417 2.4 1591 ori: 0 0 0
2025-01-26T20:10:57Z [AreaTriggerEvents] Created trigger ArcticCrypt at 15621 231.4 14845 ori: 0 0 0
2025-01-26T20:10:57Z [AreaTriggerEvents] Created trigger ArcticCrypt2 at 15640 258.6 14828 ori: 0 0 0
2025-01-26T20:10:57Z [AreaTriggerEvents] Created trigger ArcticCrypt3 at 15642 208.9 14788 ori: 0 0 0
2025-01-26T20:10:57Z [AreaTriggerEvents] Created trigger KMUCMain at 7059 573.5 11620 ori: 0 0 0
2025-01-26T20:10:57Z [AreaTriggerEvents] Created trigger KMUCMainBottom at 7249 224.8 11617 ori: 0 0 0
2025-01-26T20:10:57Z [AreaTriggerEvents] Created trigger TempleBridgeJump at 371 49.6 526 ori: 0 0 0
2025-01-26T20:10:57Z [AreaTriggerEvents] Created trigger TempleOutsideTop1 at 739.5 38 483 ori: 0 0 0
2025-01-26T20:10:57Z [AreaTriggerEvents] Created trigger TempleOutsideTop2 at 670 49.5 306 ori: 0 0 0
2025-01-26T20:10:57Z [AreaTriggerEvents] Created trigger TempleWolfTrap at 591 14.3 390 ori: 0 0 0
2025-01-26T20:10:57Z [AreaTriggerEvents] Created trigger TempleInside1 at 865 19.2 410 ori: 0 0 0
2025-01-26T20:10:57Z [AreaTriggerEvents] Created trigger TempleInside2 at 828 38 484 ori: 0 0 0
2025-01-26T20:10:57Z [AreaTriggerEvents] Created trigger TempleHammerTrigger at 366 54.3 868 ori: 0 0 0
2025-01-26T20:10:57Z [AreaTriggerEvents] Created trigger TemplePartB1 at 405 130 1517 ori: 0 0 0
2025-01-26T20:10:57Z [AreaTriggerEvents] Created trigger TemplePartB2 at 417 2.4 1591 ori: 0 0 0
2025-01-26T20:11:20Z [AreaTriggerEvents] Created trigger ArcticCrypt at 15621 231.4 14845 ori: 0 0 0
2025-01-26T20:11:20Z [AreaTriggerEvents] Created trigger ArcticCrypt2 at 15640 258.6 14828 ori: 0 0 0
2025-01-26T20:11:20Z [AreaTriggerEvents] Created trigger ArcticCrypt3 at 15642 208.9 14788 ori: 0 0 0
2025-01-26T20:11:20Z [AreaTriggerEvents] Created trigger KMUCMain at 7059 573.5 11620 ori: 0 0 0
2025-01-26T20:11:20Z [AreaTriggerEvents] Created trigger KMUCMainBottom at 7249 224.8 11617 ori: 0 0 0
2025-01-26T20:11:20Z [AreaTriggerEvents] Created trigger TempleBridgeJump at 371 49.6 526 ori: 0 0 0
2025-01-26T20:11:20Z [AreaTriggerEvents] Created trigger TempleOutsideTop1 at 739.5 38 483 ori: 0 0 0
2025-01-26T20:11:20Z [AreaTriggerEvents] Created trigger TempleOutsideTop2 at 670 49.5 306 ori: 0 0 0
2025-01-26T20:11:20Z [AreaTriggerEvents] Created trigger TempleWolfTrap at 591 14.3 390 ori: 0 0 0
2025-01-26T20:11:20Z [AreaTriggerEvents] Created trigger TempleInside1 at 865 19.2 410 ori: 0 0 0
2025-01-26T20:11:20Z [AreaTriggerEvents] Created trigger TempleInside2 at 828 38 484 ori: 0 0 0
2025-01-26T20:11:20Z [AreaTriggerEvents] Created trigger TempleHammerTrigger at 366 54.3 868 ori: 0 0 0
2025-01-26T20:11:20Z [AreaTriggerEvents] Created trigger TemplePartB1 at 405 130 1517 ori: 0 0 0
2025-01-26T20:11:20Z [AreaTriggerEvents] Created trigger TemplePartB2 at 417 2.4 1591 ori: 0 0 0
2025-01-26T20:11:44Z [AreaTriggerEvents] Created trigger ArcticCrypt at 15621 231.4 14845 ori: 0 0 0
2025-01-26T20:11:44Z [AreaTriggerEvents] Created trigger ArcticCrypt2 at 15640 258.6 14828 ori: 0 0 0
2025-01-26T20:11:44Z [AreaTriggerEvents] Created trigger ArcticCrypt3 at 15642 208.9 14788 ori: 0 0 0
2025-01-26T20:11:44Z [AreaTriggerEvents] Created trigger KMUCMain at 7059 573.5 11620 ori: 0 0 0
2025-01-26T20:11:44Z [AreaTriggerEvents] Created trigger KMUCMainBottom at 7249 224.8 11617 ori: 0 0 0
2025-01-26T20:11:44Z [AreaTriggerEvents] Created trigger TempleBridgeJump at 371 49.6 526 ori: 0 0 0
2025-01-26T20:11:44Z [AreaTriggerEvents] Created trigger TempleOutsideTop1 at 739.5 38 483 ori: 0 0 0
2025-01-26T20:11:44Z [AreaTriggerEvents] Created trigger TempleOutsideTop2 at 670 49.5 306 ori: 0 0 0
2025-01-26T20:11:44Z [AreaTriggerEvents] Created trigger TempleWolfTrap at 591 14.3 390 ori: 0 0 0
2025-01-26T20:11:44Z [AreaTriggerEvents] Created trigger TempleInside1 at 865 19.2 410 ori: 0 0 0
2025-01-26T20:11:44Z [AreaTriggerEvents] Created trigger TempleInside2 at 828 38 484 ori: 0 0 0
2025-01-26T20:11:44Z [AreaTriggerEvents] Created trigger TempleHammerTrigger at 366 54.3 868 ori: 0 0 0
2025-01-26T20:11:44Z [AreaTriggerEvents] Created trigger TemplePartB1 at 405 130 1517 ori: 0 0 0
2025-01-26T20:11:44Z [AreaTriggerEvents] Created trigger TemplePartB2 at 417 2.4 1591 ori: 0 0 0
2025-01-26T20:18:55Z [AreaTriggerEvents] Created trigger ArcticCrypt at 15621 231.4 14845 ori: 0 0 0
2025-01-26T20:18:55Z [AreaTriggerEvents] Created trigger ArcticCrypt2 at 15640 258.6 14828 ori: 0 0 0
2025-01-26T20:18:55Z [AreaTriggerEvents] Created trigger ArcticCrypt3 at 15642 208.9 14788 ori: 0 0 0
2025-01-26T20:18:55Z [AreaTriggerEvents] Created trigger KMUCMain at 7059 573.5 11620 ori: 0 0 0
2025-01-26T20:18:55Z [AreaTriggerEvents] Created trigger KMUCMainBottom at 7249 224.8 11617 ori: 0 0 0
2025-01-26T20:18:55Z [AreaTriggerEvents] Created trigger TempleBridgeJump at 371 49.6 526 ori: 0 0 0
2025-01-26T20:18:55Z [AreaTriggerEvents] Created trigger TempleOutsideTop1 at 739.5 38 483 ori: 0 0 0
2025-01-26T20:18:55Z [AreaTriggerEvents] Created trigger TempleOutsideTop2 at 670 49.5 306 ori: 0 0 0
2025-01-26T20:18:55Z [AreaTriggerEvents] Created trigger TempleWolfTrap at 591 14.3 390 ori: 0 0 0
2025-01-26T20:18:55Z [AreaTriggerEvents] Created trigger TempleInside1 at 865 19.2 410 ori: 0 0 0
2025-01-26T20:18:55Z [AreaTriggerEvents] Created trigger TempleInside2 at 828 38 484 ori: 0 0 0
2025-01-26T20:18:55Z [AreaTriggerEvents] Created trigger TempleHammerTrigger at 366 54.3 868 ori: 0 0 0
2025-01-26T20:18:55Z [AreaTriggerEvents] Created trigger TemplePartB1 at 405 130 1517 ori: 0 0 0
2025-01-26T20:18:55Z [AreaTriggerEvents] Created trigger TemplePartB2 at 417 2.4 1591 ori: 0 0 0
2025-01-26T20:30:47Z [AreaTriggerEvents] Created trigger ArcticCrypt at 15621 231.4 14845 ori: 0 0 0
2025-01-26T20:30:47Z [AreaTriggerEvents] Created trigger ArcticCrypt2 at 15640 258.6 14828 ori: 0 0 0
2025-01-26T20:30:47Z [AreaTriggerEvents] Created trigger ArcticCrypt3 at 15642 208.9 14788 ori: 0 0 0
2025-01-26T20:30:47Z [AreaTriggerEvents] Created trigger KMUCMain at 7059 573.5 11620 ori: 0 0 0
2025-01-26T20:30:47Z [AreaTriggerEvents] Created trigger KMUCMainBottom at 7249 224.8 11617 ori: 0 0 0
2025-01-26T20:30:47Z [AreaTriggerEvents] Created trigger TempleBridgeJump at 371 49.6 526 ori: 0 0 0
2025-01-26T20:30:47Z [AreaTriggerEvents] Created trigger TempleOutsideTop1 at 739.5 38 483 ori: 0 0 0
2025-01-26T20:30:47Z [AreaTriggerEvents] Created trigger TempleOutsideTop2 at 670 49.5 306 ori: 0 0 0
2025-01-26T20:30:47Z [AreaTriggerEvents] Created trigger TempleWolfTrap at 591 14.3 390 ori: 0 0 0
2025-01-26T20:30:47Z [AreaTriggerEvents] Created trigger TempleInside1 at 865 19.2 410 ori: 0 0 0
2025-01-26T20:30:47Z [AreaTriggerEvents] Created trigger TempleInside2 at 828 38 484 ori: 0 0 0
2025-01-26T20:30:47Z [AreaTriggerEvents] Created trigger TempleHammerTrigger at 366 54.3 868 ori: 0 0 0
2025-01-26T20:30:47Z [AreaTriggerEvents] Created trigger TemplePartB1 at 405 130 1517 ori: 0 0 0
2025-01-26T20:30:47Z [AreaTriggerEvents] Created trigger TemplePartB2 at 417 2.4 1591 ori: 0 0 0
2025-01-26T20:33:56Z [AreaTriggerEvents] Created trigger ArcticCrypt at 15621 231.4 14845 ori: 0 0 0
2025-01-26T20:33:56Z [AreaTriggerEvents] Created trigger ArcticCrypt2 at 15640 258.6 14828 ori: 0 0 0
2025-01-26T20:33:56Z [AreaTriggerEvents] Created trigger ArcticCrypt3 at 15642 208.9 14788 ori: 0 0 0
2025-01-26T20:33:56Z [AreaTriggerEvents] Created trigger KMUCMain at 7059 573.5 11620 ori: 0 0 0
2025-01-26T20:33:56Z [AreaTriggerEvents] Created trigger KMUCMainBottom at 7249 224.8 11617 ori: 0 0 0
2025-01-26T20:33:56Z [AreaTriggerEvents] Created trigger TempleBridgeJump at 371 49.6 526 ori: 0 0 0
2025-01-26T20:33:56Z [AreaTriggerEvents] Created trigger TempleOutsideTop1 at 739.5 38 483 ori: 0 0 0
2025-01-26T20:33:56Z [AreaTriggerEvents] Created trigger TempleOutsideTop2 at 670 49.5 306 ori: 0 0 0
2025-01-26T20:33:56Z [AreaTriggerEvents] Created trigger TempleWolfTrap at 591 14.3 390 ori: 0 0 0
2025-01-26T20:33:56Z [AreaTriggerEvents] Created trigger TempleInside1 at 865 19.2 410 ori: 0 0 0
2025-01-26T20:33:56Z [AreaTriggerEvents] Created trigger TempleInside2 at 828 38 484 ori: 0 0 0
2025-01-26T20:33:56Z [AreaTriggerEvents] Created trigger TempleHammerTrigger at 366 54.3 868 ori: 0 0 0
2025-01-26T20:33:56Z [AreaTriggerEvents] Created trigger TemplePartB1 at 405 130 1517 ori: 0 0 0
2025-01-26T20:33:56Z [AreaTriggerEvents] Created trigger TemplePartB2 at 417 2.4 1591 ori: 0 0 0
2025-01-26T20:38:17Z [AreaTriggerEvents] Created trigger ArcticCrypt at 15621 231.4 14845 ori: 0 0 0
2025-01-26T20:38:17Z [AreaTriggerEvents] Created trigger ArcticCrypt2 at 15640 258.6 14828 ori: 0 0 0
2025-01-26T20:38:17Z [AreaTriggerEvents] Created trigger ArcticCrypt3 at 15642 208.9 14788 ori: 0 0 0
2025-01-26T20:38:17Z [AreaTriggerEvents] Created trigger KMUCMain at 7059 573.5 11620 ori: 0 0 0
2025-01-26T20:38:17Z [AreaTriggerEvents] Created trigger KMUCMainBottom at 7249 224.8 11617 ori: 0 0 0
2025-01-26T20:38:17Z [AreaTriggerEvents] Created trigger TempleBridgeJump at 371 49.6 526 ori: 0 0 0
2025-01-26T20:38:17Z [AreaTriggerEvents] Created trigger TempleOutsideTop1 at 739.5 38 483 ori: 0 0 0
2025-01-26T20:38:17Z [AreaTriggerEvents] Created trigger TempleOutsideTop2 at 670 49.5 306 ori: 0 0 0
2025-01-26T20:38:17Z [AreaTriggerEvents] Created trigger TempleWolfTrap at 591 14.3 390 ori: 0 0 0
2025-01-26T20:38:17Z [AreaTriggerEvents] Created trigger TempleInside1 at 865 19.2 410 ori: 0 0 0
2025-01-26T20:38:17Z [AreaTriggerEvents] Created trigger TempleInside2 at 828 38 484 ori: 0 0 0
2025-01-26T20:38:17Z [AreaTriggerEvents] Created trigger TempleHammerTrigger at 366 54.3 868 ori: 0 0 0
2025-01-26T20:38:17Z [AreaTriggerEvents] Created trigger TemplePartB1 at 405 130 1517 ori: 0 0 0
2025-01-26T20:38:17Z [AreaTriggerEvents] Created trigger TemplePartB2 at 417 2.4 1591 ori: 0 0 0
2025-01-26T20:39:43Z [AreaTriggerEvents] Created trigger ArcticCrypt at 15621 231.4 14845 ori: 0 0 0
2025-01-26T20:39:43Z [AreaTriggerEvents] Created trigger ArcticCrypt2 at 15640 258.6 14828 ori: 0 0 0
2025-01-26T20:39:43Z [AreaTriggerEvents] Created trigger ArcticCrypt3 at 15642 208.9 14788 ori: 0 0 0
2025-01-26T20:39:43Z [AreaTriggerEvents] Created trigger KMUCMain at 7059 573.5 11620 ori: 0 0 0
2025-01-26T20:39:43Z [AreaTriggerEvents] Created trigger KMUCMainBottom at 7249 224.8 11617 ori: 0 0 0
2025-01-26T20:39:43Z [AreaTriggerEvents] Created trigger TempleBridgeJump at 371 49.6 526 ori: 0 0 0
2025-01-26T20:39:43Z [AreaTriggerEvents] Created trigger TempleOutsideTop1 at 739.5 38 483 ori: 0 0 0
2025-01-26T20:39:43Z [AreaTriggerEvents] Created trigger TempleOutsideTop2 at 670 49.5 306 ori: 0 0 0
2025-01-26T20:39:43Z [AreaTriggerEvents] Created trigger TempleWolfTrap at 591 14.3 390 ori: 0 0 0
2025-01-26T20:39:43Z [AreaTriggerEvents] Created trigger TempleInside1 at 865 19.2 410 ori: 0 0 0
2025-01-26T20:39:43Z [AreaTriggerEvents] Created trigger TempleInside2 at 828 38 484 ori: 0 0 0
2025-01-26T20:39:43Z [AreaTriggerEvents] Created trigger TempleHammerTrigger at 366 54.3 868 ori: 0 0 0
2025-01-26T20:39:43Z [AreaTriggerEvents] Created trigger TemplePartB1 at 405 130 1517 ori: 0 0 0
2025-01-26T20:39:43Z [AreaTriggerEvents] Created trigger TemplePartB2 at 417 2.4 1591 ori: 0 0 0
2025-01-26T20:41:26Z [AreaTriggerEvents] Created trigger ArcticCrypt at 15621 231.4 14845 ori: 0 0 0
2025-01-26T20:41:26Z [AreaTriggerEvents] Created trigger ArcticCrypt2 at 15640 258.6 14828 ori: 0 0 0
2025-01-26T20:41:26Z [AreaTriggerEvents] Created trigger ArcticCrypt3 at 15642 208.9 14788 ori: 0 0 0
2025-01-26T20:41:26Z [AreaTriggerEvents] Created trigger KMUCMain at 7059 573.5 11620 ori: 0 0 0
2025-01-26T20:41:26Z [AreaTriggerEvents] Created trigger KMUCMainBottom at 7249 224.8 11617 ori: 0 0 0
2025-01-26T20:41:26Z [AreaTriggerEvents] Created trigger TempleBridgeJump at 371 49.6 526 ori: 0 0 0
2025-01-26T20:41:26Z [AreaTriggerEvents] Created trigger TempleOutsideTop1 at 739.5 38 483 ori: 0 0 0
2025-01-26T20:41:26Z [AreaTriggerEvents] Created trigger TempleOutsideTop2 at 670 49.5 306 ori: 0 0 0
2025-01-26T20:41:26Z [AreaTriggerEvents] Created trigger TempleWolfTrap at 591 14.3 390 ori: 0 0 0
2025-01-26T20:41:26Z [AreaTriggerEvents] Created trigger TempleInside1 at 865 19.2 410 ori: 0 0 0
2025-01-26T20:41:26Z [AreaTriggerEvents] Created trigger TempleInside2 at 828 38 484 ori: 0 0 0
2025-01-26T20:41:26Z [AreaTriggerEvents] Created trigger TempleHammerTrigger at 366 54.3 868 ori: 0 0 0
2025-01-26T20:41:26Z [AreaTriggerEvents] Created trigger TemplePartB1 at 405 130 1517 ori: 0 0 0
2025-01-26T20:41:26Z [AreaTriggerEvents] Created trigger TemplePartB2 at 417 2.4 1591 ori: 0 0 0
2025-01-26T20:51:28Z [AreaTriggerEvents] Created trigger ArcticCrypt at 15621 231.4 14845 ori: 0 0 0
2025-01-26T20:51:28Z [AreaTriggerEvents] Created trigger ArcticCrypt2 at 15640 258.6 14828 ori: 0 0 0
2025-01-26T20:51:28Z [AreaTriggerEvents] Created trigger ArcticCrypt3 at 15642 208.9 14788 ori: 0 0 0
2025-01-26T20:51:28Z [AreaTriggerEvents] Created trigger KMUCMain at 7059 573.5 11620 ori: 0 0 0
2025-01-26T20:51:28Z [AreaTriggerEvents] Created trigger KMUCMainBottom at 7249 224.8 11617 ori: 0 0 0
2025-01-26T20:51:28Z [AreaTriggerEvents] Created trigger TempleBridgeJump at 371 49.6 526 ori: 0 0 0
2025-01-26T20:51:28Z [AreaTriggerEvents] Created trigger TempleOutsideTop1 at 739.5 38 483 ori: 0 0 0
2025-01-26T20:51:28Z [AreaTriggerEvents] Created trigger TempleOutsideTop2 at 670 49.5 306 ori: 0 0 0
2025-01-26T20:51:28Z [AreaTriggerEvents] Created trigger TempleWolfTrap at 591 14.3 390 ori: 0 0 0
2025-01-26T20:51:28Z [AreaTriggerEvents] Created trigger TempleInside1 at 865 19.2 410 ori: 0 0 0
2025-01-26T20:51:28Z [AreaTriggerEvents] Created trigger TempleInside2 at 828 38 484 ori: 0 0 0
2025-01-26T20:51:28Z [AreaTriggerEvents] Created trigger TempleHammerTrigger at 366 54.3 868 ori: 0 0 0
2025-01-26T20:51:28Z [AreaTriggerEvents] Created trigger TemplePartB1 at 405 130 1517 ori: 0 0 0
2025-01-26T20:51:28Z [AreaTriggerEvents] Created trigger TemplePartB2 at 417 2.4 1591 ori: 0 0 0
2025-01-26T20:57:33Z [AreaTriggerEvents] Created trigger ArcticCrypt at 15621 231.4 14845 ori: 0 0 0
2025-01-26T20:57:33Z [AreaTriggerEvents] Created trigger ArcticCrypt2 at 15640 258.6 14828 ori: 0 0 0
2025-01-26T20:57:33Z [AreaTriggerEvents] Created trigger ArcticCrypt3 at 15642 208.9 14788 ori: 0 0 0
2025-01-26T20:57:33Z [AreaTriggerEvents] Created trigger KMUCMain at 7059 573.5 11620 ori: 0 0 0
2025-01-26T20:57:33Z [AreaTriggerEvents] Created trigger KMUCMainBottom at 7249 224.8 11617 ori: 0 0 0
2025-01-26T20:57:33Z [AreaTriggerEvents] Created trigger TempleBridgeJump at 371 49.6 526 ori: 0 0 0
2025-01-26T20:57:33Z [AreaTriggerEvents] Created trigger TempleOutsideTop1 at 739.5 38 483 ori: 0 0 0
2025-01-26T20:57:33Z [AreaTriggerEvents] Created trigger TempleOutsideTop2 at 670 49.5 306 ori: 0 0 0
2025-01-26T20:57:33Z [AreaTriggerEvents] Created trigger TempleWolfTrap at 591 14.3 390 ori: 0 0 0
2025-01-26T20:57:33Z [AreaTriggerEvents] Created trigger TempleInside1 at 865 19.2 410 ori: 0 0 0
2025-01-26T20:57:33Z [AreaTriggerEvents] Created trigger TempleInside2 at 828 38 484 ori: 0 0 0
2025-01-26T20:57:33Z [AreaTriggerEvents] Created trigger TempleHammerTrigger at 366 54.3 868 ori: 0 0 0
2025-01-26T20:57:33Z [AreaTriggerEvents] Created trigger TemplePartB1 at 405 130 1517 ori: 0 0 0
2025-01-26T20:57:33Z [AreaTriggerEvents] Created trigger TemplePartB2 at 417 2.4 1591 ori: 0 0 0
2025-01-26T21:52:07Z [AreaTriggerEvents] Created trigger ArcticCrypt at 15621 231.4 14845 ori: 0 0 0
2025-01-26T21:52:07Z [AreaTriggerEvents] Created trigger ArcticCrypt2 at 15640 258.6 14828 ori: 0 0 0
2025-01-26T21:52:07Z [AreaTriggerEvents] Created trigger ArcticCrypt3 at 15642 208.9 14788 ori: 0 0 0
2025-01-26T21:52:07Z [AreaTriggerEvents] Created trigger KMUCMain at 7059 573.5 11620 ori: 0 0 0
2025-01-26T21:52:07Z [AreaTriggerEvents] Created trigger KMUCMainBottom at 7249 224.8 11617 ori: 0 0 0
2025-01-26T21:52:07Z [AreaTriggerEvents] Created trigger TempleBridgeJump at 371 49.6 526 ori: 0 0 0
2025-01-26T21:52:07Z [AreaTriggerEvents] Created trigger TempleOutsideTop1 at 739.5 38 483 ori: 0 0 0
2025-01-26T21:52:07Z [AreaTriggerEvents] Created trigger TempleOutsideTop2 at 670 49.5 306 ori: 0 0 0
2025-01-26T21:52:07Z [AreaTriggerEvents] Created trigger TempleWolfTrap at 591 14.3 390 ori: 0 0 0
2025-01-26T21:52:07Z [AreaTriggerEvents] Created trigger TempleInside1 at 865 19.2 410 ori: 0 0 0
2025-01-26T21:52:07Z [AreaTriggerEvents] Created trigger TempleInside2 at 828 38 484 ori: 0 0 0
2025-01-26T21:52:07Z [AreaTriggerEvents] Created trigger TempleHammerTrigger at 366 54.3 868 ori: 0 0 0
2025-01-26T21:52:07Z [AreaTriggerEvents] Created trigger TemplePartB1 at 405 130 1517 ori: 0 0 0
2025-01-26T21:52:07Z [AreaTriggerEvents] Created trigger TemplePartB2 at 417 2.4 1591 ori: 0 0 0
2025-01-26T22:00:28Z [AreaTriggerEvents] Created trigger ArcticCrypt at 15621 231.4 14845 ori: 0 0 0
2025-01-26T22:00:28Z [AreaTriggerEvents] Created trigger ArcticCrypt2 at 15640 258.6 14828 ori: 0 0 0
2025-01-26T22:00:28Z [AreaTriggerEvents] Created trigger ArcticCrypt3 at 15642 208.9 14788 ori: 0 0 0
2025-01-26T22:00:28Z [AreaTriggerEvents] Created trigger KMUCMain at 7059 573.5 11620 ori: 0 0 0
2025-01-26T22:00:28Z [AreaTriggerEvents] Created trigger KMUCMainBottom at 7249 224.8 11617 ori: 0 0 0
2025-01-26T22:00:28Z [AreaTriggerEvents] Created trigger TempleBridgeJump at 371 49.6 526 ori: 0 0 0
2025-01-26T22:00:28Z [AreaTriggerEvents] Created trigger TempleOutsideTop1 at 739.5 38 483 ori: 0 0 0
2025-01-26T22:00:28Z [AreaTriggerEvents] Created trigger TempleOutsideTop2 at 670 49.5 306 ori: 0 0 0
2025-01-26T22:00:28Z [AreaTriggerEvents] Created trigger TempleWolfTrap at 591 14.3 390 ori: 0 0 0
2025-01-26T22:00:28Z [AreaTriggerEvents] Created trigger TempleInside1 at 865 19.2 410 ori: 0 0 0
2025-01-26T22:00:28Z [AreaTriggerEvents] Created trigger TempleInside2 at 828 38 484 ori: 0 0 0
2025-01-26T22:00:28Z [AreaTriggerEvents] Created trigger TempleHammerTrigger at 366 54.3 868 ori: 0 0 0
2025-01-26T22:00:28Z [AreaTriggerEvents] Created trigger TemplePartB1 at 405 130 1517 ori: 0 0 0
2025-01-26T22:00:28Z [AreaTriggerEvents] Created trigger TemplePartB2 at 417 2.4 1591 ori: 0 0 0
2025-01-26T22:00:58Z [AreaTriggerEvents] Created trigger ArcticCrypt at 15621 231.4 14845 ori: 0 0 0
2025-01-26T22:00:58Z [AreaTriggerEvents] Created trigger ArcticCrypt2 at 15640 258.6 14828 ori: 0 0 0
2025-01-26T22:00:58Z [AreaTriggerEvents] Created trigger ArcticCrypt3 at 15642 208.9 14788 ori: 0 0 0
2025-01-26T22:00:58Z [AreaTriggerEvents] Created trigger KMUCMain at 7059 573.5 11620 ori: 0 0 0
2025-01-26T22:00:58Z [AreaTriggerEvents] Created trigger KMUCMainBottom at 7249 224.8 11617 ori: 0 0 0
2025-01-26T22:00:58Z [AreaTriggerEvents] Created trigger TempleBridgeJump at 371 49.6 526 ori: 0 0 0
2025-01-26T22:00:58Z [AreaTriggerEvents] Created trigger TempleOutsideTop1 at 739.5 38 483 ori: 0 0 0
2025-01-26T22:00:58Z [AreaTriggerEvents] Created trigger TempleOutsideTop2 at 670 49.5 306 ori: 0 0 0
2025-01-26T22:00:58Z [AreaTriggerEvents] Created trigger TempleWolfTrap at 591 14.3 390 ori: 0 0 0
2025-01-26T22:00:58Z [AreaTriggerEvents] Created trigger TempleInside1 at 865 19.2 410 ori: 0 0 0
2025-01-26T22:00:58Z [AreaTriggerEvents] Created trigger TempleInside2 at 828 38 484 ori: 0 0 0
2025-01-26T22:00:58Z [AreaTriggerEvents] Created trigger TempleHammerTrigger at 366 54.3 868 ori: 0 0 0
2025-01-26T22:00:58Z [AreaTriggerEvents] Created trigger TemplePartB1 at 405 130 1517 ori: 0 0 0
2025-01-26T22:00:58Z [AreaTriggerEvents] Created trigger TemplePartB2 at 417 2.4 1591 ori: 0 0 0
2025-01-26T22:02:47Z [AreaTriggerEvents] Created trigger ArcticCrypt at 15621 231.4 14845 ori: 0 0 0
2025-01-26T22:02:47Z [AreaTriggerEvents] Created trigger ArcticCrypt2 at 15640 258.6 14828 ori: 0 0 0
2025-01-26T22:02:47Z [AreaTriggerEvents] Created trigger ArcticCrypt3 at 15642 208.9 14788 ori: 0 0 0
2025-01-26T22:02:47Z [AreaTriggerEvents] Created trigger KMUCMain at 7059 573.5 11620 ori: 0 0 0
2025-01-26T22:02:47Z [AreaTriggerEvents] Created trigger KMUCMainBottom at 7249 224.8 11617 ori: 0 0 0
2025-01-26T22:02:47Z [AreaTriggerEvents] Created trigger TempleBridgeJump at 371 49.6 526 ori: 0 0 0
2025-01-26T22:02:47Z [AreaTriggerEvents] Created trigger TempleOutsideTop1 at 739.5 38 483 ori: 0 0 0
2025-01-26T22:02:47Z [AreaTriggerEvents] Created trigger TempleOutsideTop2 at 670 49.5 306 ori: 0 0 0
2025-01-26T22:02:47Z [AreaTriggerEvents] Created trigger TempleWolfTrap at 591 14.3 390 ori: 0 0 0
2025-01-26T22:02:47Z [AreaTriggerEvents] Created trigger TempleInside1 at 865 19.2 410 ori: 0 0 0
2025-01-26T22:02:47Z [AreaTriggerEvents] Created trigger TempleInside2 at 828 38 484 ori: 0 0 0
2025-01-26T22:02:47Z [AreaTriggerEvents] Created trigger TempleHammerTrigger at 366 54.3 868 ori: 0 0 0
2025-01-26T22:02:47Z [AreaTriggerEvents] Created trigger TemplePartB1 at 405 130 1517 ori: 0 0 0
2025-01-26T22:02:47Z [AreaTriggerEvents] Created trigger TemplePartB2 at 417 2.4 1591 ori: 0 0 0
2025-01-26T22:08:46Z [AreaTriggerEvents] Created trigger ArcticCrypt at 15621 231.4 14845 ori: 0 0 0
2025-01-26T22:08:46Z [AreaTriggerEvents] Created trigger ArcticCrypt2 at 15640 258.6 14828 ori: 0 0 0
2025-01-26T22:08:46Z [AreaTriggerEvents] Created trigger ArcticCrypt3 at 15642 208.9 14788 ori: 0 0 0
2025-01-26T22:08:46Z [AreaTriggerEvents] Created trigger KMUCMain at 7059 573.5 11620 ori: 0 0 0
2025-01-26T22:08:46Z [AreaTriggerEvents] Created trigger KMUCMainBottom at 7249 224.8 11617 ori: 0 0 0
2025-01-26T22:08:46Z [AreaTriggerEvents] Created trigger TempleBridgeJump at 371 49.6 526 ori: 0 0 0
2025-01-26T22:08:46Z [AreaTriggerEvents] Created trigger TempleOutsideTop1 at 739.5 38 483 ori: 0 0 0
2025-01-26T22:08:46Z [AreaTriggerEvents] Created trigger TempleOutsideTop2 at 670 49.5 306 ori: 0 0 0
2025-01-26T22:08:46Z [AreaTriggerEvents] Created trigger TempleWolfTrap at 591 14.3 390 ori: 0 0 0
2025-01-26T22:08:46Z [AreaTriggerEvents] Created trigger TempleInside1 at 865 19.2 410 ori: 0 0 0
2025-01-26T22:08:46Z [AreaTriggerEvents] Created trigger TempleInside2 at 828 38 484 ori: 0 0 0
2025-01-26T22:08:46Z [AreaTriggerEvents] Created trigger TempleHammerTrigger at 366 54.3 868 ori: 0 0 0
2025-01-26T22:08:46Z [AreaTriggerEvents] Created trigger TemplePartB1 at 405 130 1517 ori: 0 0 0
2025-01-26T22:08:46Z [AreaTriggerEvents] Created trigger TemplePartB2 at 417 2.4 1591 ori: 0 0 0
2025-01-26T22:14:55Z [AreaTriggerEvents] Created trigger ArcticCrypt at 15621 231.4 14845 ori: 0 0 0
2025-01-26T22:14:55Z [AreaTriggerEvents] Created trigger ArcticCrypt2 at 15640 258.6 14828 ori: 0 0 0
2025-01-26T22:14:55Z [AreaTriggerEvents] Created trigger ArcticCrypt3 at 15642 208.9 14788 ori: 0 0 0
2025-01-26T22:14:55Z [AreaTriggerEvents] Created trigger KMUCMain at 7059 573.5 11620 ori: 0 0 0
2025-01-26T22:14:55Z [AreaTriggerEvents] Created trigger KMUCMainBottom at 7249 224.8 11617 ori: 0 0 0
2025-01-26T22:14:55Z [AreaTriggerEvents] Created trigger TempleBridgeJump at 371 49.6 526 ori: 0 0 0
2025-01-26T22:14:55Z [AreaTriggerEvents] Created trigger TempleOutsideTop1 at 739.5 38 483 ori: 0 0 0
2025-01-26T22:14:55Z [AreaTriggerEvents] Created trigger TempleOutsideTop2 at 670 49.5 306 ori: 0 0 0
2025-01-26T22:14:55Z [AreaTriggerEvents] Created trigger TempleWolfTrap at 591 14.3 390 ori: 0 0 0
2025-01-26T22:14:55Z [AreaTriggerEvents] Created trigger TempleInside1 at 865 19.2 410 ori: 0 0 0
2025-01-26T22:14:55Z [AreaTriggerEvents] Created trigger TempleInside2 at 828 38 484 ori: 0 0 0
2025-01-26T22:14:55Z [AreaTriggerEvents] Created trigger TempleHammerTrigger at 366 54.3 868 ori: 0 0 0
2025-01-26T22:14:55Z [AreaTriggerEvents] Created trigger TemplePartB1 at 405 130 1517 ori: 0 0 0
2025-01-26T22:14:55Z [AreaTriggerEvents] Created trigger TemplePartB2 at 417 2.4 1591 ori: 0 0 0
2025-01-26T22:38:16Z [AreaTriggerEvents] Created trigger ArcticCrypt at 15621 231.4 14845 ori: 0 0 0
2025-01-26T22:38:16Z [AreaTriggerEvents] Created trigger ArcticCrypt2 at 15640 258.6 14828 ori: 0 0 0
2025-01-26T22:38:16Z [AreaTriggerEvents] Created trigger ArcticCrypt3 at 15642 208.9 14788 ori: 0 0 0
2025-01-26T22:38:16Z [AreaTriggerEvents] Created trigger KMUCMain at 7059 573.5 11620 ori: 0 0 0
2025-01-26T22:38:16Z [AreaTriggerEvents] Created trigger KMUCMainBottom at 7249 224.8 11617 ori: 0 0 0
2025-01-26T22:38:16Z [AreaTriggerEvents] Created trigger TempleBridgeJump at 371 49.6 526 ori: 0 0 0
2025-01-26T22:38:16Z [AreaTriggerEvents] Created trigger TempleOutsideTop1 at 739.5 38 483 ori: 0 0 0
2025-01-26T22:38:16Z [AreaTriggerEvents] Created trigger TempleOutsideTop2 at 670 49.5 306 ori: 0 0 0
2025-01-26T22:38:16Z [AreaTriggerEvents] Created trigger TempleWolfTrap at 591 14.3 390 ori: 0 0 0
2025-01-26T22:38:16Z [AreaTriggerEvents] Created trigger TempleInside1 at 865 19.2 410 ori: 0 0 0
2025-01-26T22:38:16Z [AreaTriggerEvents] Created trigger TempleInside2 at 828 38 484 ori: 0 0 0
2025-01-26T22:38:16Z [AreaTriggerEvents] Created trigger TempleHammerTrigger at 366 54.3 868 ori: 0 0 0
2025-01-26T22:38:16Z [AreaTriggerEvents] Created trigger TemplePartB1 at 405 130 1517 ori: 0 0 0
2025-01-26T22:38:16Z [AreaTriggerEvents] Created trigger TemplePartB2 at 417 2.4 1591 ori: 0 0 0
2025-01-26T22:46:12Z [AreaTriggerEvents] Created trigger ArcticCrypt at 15621 231.4 14845 ori: 0 0 0
2025-01-26T22:46:12Z [AreaTriggerEvents] Created trigger ArcticCrypt2 at 15640 258.6 14828 ori: 0 0 0
2025-01-26T22:46:12Z [AreaTriggerEvents] Created trigger ArcticCrypt3 at 15642 208.9 14788 ori: 0 0 0
2025-01-26T22:46:12Z [AreaTriggerEvents] Created trigger KMUCMain at 7059 573.5 11620 ori: 0 0 0
2025-01-26T22:46:12Z [AreaTriggerEvents] Created trigger KMUCMainBottom at 7249 224.8 11617 ori: 0 0 0
2025-01-26T22:46:12Z [AreaTriggerEvents] Created trigger TempleBridgeJump at 371 49.6 526 ori: 0 0 0
2025-01-26T22:46:12Z [AreaTriggerEvents] Created trigger TempleOutsideTop1 at 739.5 38 483 ori: 0 0 0
2025-01-26T22:46:12Z [AreaTriggerEvents] Created trigger TempleOutsideTop2 at 670 49.5 306 ori: 0 0 0
2025-01-26T22:46:12Z [AreaTriggerEvents] Created trigger TempleWolfTrap at 591 14.3 390 ori: 0 0 0
2025-01-26T22:46:12Z [AreaTriggerEvents] Created trigger TempleInside1 at 865 19.2 410 ori: 0 0 0
2025-01-26T22:46:12Z [AreaTriggerEvents] Created trigger TempleInside2 at 828 38 484 ori: 0 0 0
2025-01-26T22:46:12Z [AreaTriggerEvents] Created trigger TempleHammerTrigger at 366 54.3 868 ori: 0 0 0
2025-01-26T22:46:12Z [AreaTriggerEvents] Created trigger TemplePartB1 at 405 130 1517 ori: 0 0 0
2025-01-26T22:46:12Z [AreaTriggerEvents] Created trigger TemplePartB2 at 417 2.4 1591 ori: 0 0 0
2025-01-26T22:49:28Z [AreaTriggerEvents] Created trigger ArcticCrypt at 15621 231.4 14845 ori: 0 0 0
2025-01-26T22:49:28Z [AreaTriggerEvents] Created trigger ArcticCrypt2 at 15640 258.6 14828 ori: 0 0 0
2025-01-26T22:49:28Z [AreaTriggerEvents] Created trigger ArcticCrypt3 at 15642 208.9 14788 ori: 0 0 0
2025-01-26T22:49:28Z [AreaTriggerEvents] Created trigger KMUCMain at 7059 573.5 11620 ori: 0 0 0
2025-01-26T22:49:28Z [AreaTriggerEvents] Created trigger KMUCMainBottom at 7249 224.8 11617 ori: 0 0 0
2025-01-26T22:49:28Z [AreaTriggerEvents] Created trigger TempleBridgeJump at 371 49.6 526 ori: 0 0 0
2025-01-26T22:49:28Z [AreaTriggerEvents] Created trigger TempleOutsideTop1 at 739.5 38 483 ori: 0 0 0
2025-01-26T22:49:28Z [AreaTriggerEvents] Created trigger TempleOutsideTop2 at 670 49.5 306 ori: 0 0 0
2025-01-26T22:49:28Z [AreaTriggerEvents] Created trigger TempleWolfTrap at 591 14.3 390 ori: 0 0 0
2025-01-26T22:49:28Z [AreaTriggerEvents] Created trigger TempleInside1 at 865 19.2 410 ori: 0 0 0
2025-01-26T22:49:28Z [AreaTriggerEvents] Created trigger TempleInside2 at 828 38 484 ori: 0 0 0
2025-01-26T22:49:28Z [AreaTriggerEvents] Created trigger TempleHammerTrigger at 366 54.3 868 ori: 0 0 0
2025-01-26T22:49:28Z [AreaTriggerEvents] Created trigger TemplePartB1 at 405 130 1517 ori: 0 0 0
2025-01-26T22:49:28Z [AreaTriggerEvents] Created trigger TemplePartB2 at 417 2.4 1591 ori: 0 0 0
2025-01-27T02:42:59Z [AreaTriggerEvents] Created trigger ArcticCrypt at 15621 231.4 14845 ori: 0 0 0
2025-01-27T02:42:59Z [AreaTriggerEvents] Created trigger ArcticCrypt2 at 15640 258.6 14828 ori: 0 0 0
2025-01-27T02:42:59Z [AreaTriggerEvents] Created trigger ArcticCrypt3 at 15642 208.9 14788 ori: 0 0 0
2025-01-27T02:42:59Z [AreaTriggerEvents] Created trigger KMUCMain at 7059 573.5 11620 ori: 0 0 0
2025-01-27T02:42:59Z [AreaTriggerEvents] Created trigger KMUCMainBottom at 7249 224.8 11617 ori: 0 0 0
2025-01-27T02:42:59Z [AreaTriggerEvents] Created trigger TempleBridgeJump at 371 49.6 526 ori: 0 0 0
2025-01-27T02:42:59Z [AreaTriggerEvents] Created trigger TempleOutsideTop1 at 739.5 38 483 ori: 0 0 0
2025-01-27T02:42:59Z [AreaTriggerEvents] Created trigger TempleOutsideTop2 at 670 49.5 306 ori: 0 0 0
2025-01-27T02:42:59Z [AreaTriggerEvents] Created trigger TempleWolfTrap at 591 14.3 390 ori: 0 0 0
2025-01-27T02:42:59Z [AreaTriggerEvents] Created trigger TempleInside1 at 865 19.2 410 ori: 0 0 0
2025-01-27T02:42:59Z [AreaTriggerEvents] Created trigger TempleInside2 at 828 38 484 ori: 0 0 0
2025-01-27T02:42:59Z [AreaTriggerEvents] Created trigger TempleHammerTrigger at 366 54.3 868 ori: 0 0 0
2025-01-27T02:42:59Z [AreaTriggerEvents] Created trigger TemplePartB1 at 405 130 1517 ori: 0 0 0
2025-01-27T02:42:59Z [AreaTriggerEvents] Created trigger TemplePartB2 at 417 2.4 1591 ori: 0 0 0
2025-01-27T02:49:35Z [AreaTriggerEvents] Created trigger ArcticCrypt at 15621 231.4 14845 ori: 0 0 0
2025-01-27T02:49:35Z [AreaTriggerEvents] Created trigger ArcticCrypt2 at 15640 258.6 14828 ori: 0 0 0
2025-01-27T02:49:35Z [AreaTriggerEvents] Created trigger ArcticCrypt3 at 15642 208.9 14788 ori: 0 0 0
2025-01-27T02:49:35Z [AreaTriggerEvents] Created trigger KMUCMain at 7059 573.5 11620 ori: 0 0 0
2025-01-27T02:49:35Z [AreaTriggerEvents] Created trigger KMUCMainBottom at 7249 224.8 11617 ori: 0 0 0
2025-01-27T02:49:35Z [AreaTriggerEvents] Created trigger TempleBridgeJump at 371 49.6 526 ori: 0 0 0
2025-01-27T02:49:35Z [AreaTriggerEvents] Created trigger TempleOutsideTop1 at 739.5 38 483 ori: 0 0 0
2025-01-27T02:49:35Z [AreaTriggerEvents] Created trigger TempleOutsideTop2 at 670 49.5 306 ori: 0 0 0
2025-01-27T02:49:35Z [AreaTriggerEvents] Created trigger TempleWolfTrap at 591 14.3 390 ori: 0 0 0
2025-01-27T02:49:35Z [AreaTriggerEvents] Created trigger TempleInside1 at 865 19.2 410 ori: 0 0 0
2025-01-27T02:49:35Z [AreaTriggerEvents] Created trigger TempleInside2 at 828 38 484 ori: 0 0 0
2025-01-27T02:49:35Z [AreaTriggerEvents] Created trigger TempleHammerTrigger at 366 54.3 868 ori: 0 0 0
2025-01-27T02:49:35Z [AreaTriggerEvents] Created trigger TemplePartB1 at 405 130 1517 ori: 0 0 0
2025-01-27T02:49:35Z [AreaTriggerEvents] Created trigger TemplePartB2 at 417 2.4 1591 ori: 0 0 0
2025-01-27T02:52:26Z [AreaTriggerEvents] Created trigger ArcticCrypt at 15621 231.4 14845 ori: 0 0 0
2025-01-27T02:52:26Z [AreaTriggerEvents] Created trigger ArcticCrypt2 at 15640 258.6 14828 ori: 0 0 0
2025-01-27T02:52:26Z [AreaTriggerEvents] Created trigger ArcticCrypt3 at 15642 208.9 14788 ori: 0 0 0
2025-01-27T02:52:26Z [AreaTriggerEvents] Created trigger KMUCMain at 7059 573.5 11620 ori: 0 0 0
2025-01-27T02:52:26Z [AreaTriggerEvents] Created trigger KMUCMainBottom at 7249 224.8 11617 ori: 0 0 0
2025-01-27T02:52:26Z [AreaTriggerEvents] Created trigger TempleBridgeJump at 371 49.6 526 ori: 0 0 0
2025-01-27T02:52:26Z [AreaTriggerEvents] Created trigger TempleOutsideTop1 at 739.5 38 483 ori: 0 0 0
2025-01-27T02:52:26Z [AreaTriggerEvents] Created trigger TempleOutsideTop2 at 670 49.5 306 ori: 0 0 0
2025-01-27T02:52:26Z [AreaTriggerEvents] Created trigger TempleWolfTrap at 591 14.3 390 ori: 0 0 0
2025-01-27T02:52:26Z [AreaTriggerEvents] Created trigger TempleInside1 at 865 19.2 410 ori: 0 0 0
2025-01-27T02:52:26Z [AreaTriggerEvents] Created trigger TempleInside2 at 828 38 484 ori: 0 0 0
2025-01-27T02:52:26Z [AreaTriggerEvents] Created trigger TempleHammerTrigger at 366 54.3 868 ori: 0 0 0
2025-01-27T02:52:26Z [AreaTriggerEvents] Created trigger TemplePartB1 at 405 130 1517 ori: 0 0 0
2025-01-27T02:52:26Z [AreaTriggerEvents] Created trigger TemplePartB2 at 417 2.4 1591 ori: 0 0 0
2025-01-27T02:52:45Z [AreaTriggerEvents] Created trigger ArcticCrypt at 15621 231.4 14845 ori: 0 0 0
2025-01-27T02:52:45Z [AreaTriggerEvents] Created trigger ArcticCrypt2 at 15640 258.6 14828 ori: 0 0 0
2025-01-27T02:52:45Z [AreaTriggerEvents] Created trigger ArcticCrypt3 at 15642 208.9 14788 ori: 0 0 0
2025-01-27T02:52:45Z [AreaTriggerEvents] Created trigger KMUCMain at 7059 573.5 11620 ori: 0 0 0
2025-01-27T02:52:45Z [AreaTriggerEvents] Created trigger KMUCMainBottom at 7249 224.8 11617 ori: 0 0 0
2025-01-27T02:52:45Z [AreaTriggerEvents] Created trigger TempleBridgeJump at 371 49.6 526 ori: 0 0 0
2025-01-27T02:52:45Z [AreaTriggerEvents] Created trigger TempleOutsideTop1 at 739.5 38 483 ori: 0 0 0
2025-01-27T02:52:45Z [AreaTriggerEvents] Created trigger TempleOutsideTop2 at 670 49.5 306 ori: 0 0 0
2025-01-27T02:52:45Z [AreaTriggerEvents] Created trigger TempleWolfTrap at 591 14.3 390 ori: 0 0 0
2025-01-27T02:52:45Z [AreaTriggerEvents] Created trigger TempleInside1 at 865 19.2 410 ori: 0 0 0
2025-01-27T02:52:45Z [AreaTriggerEvents] Created trigger TempleInside2 at 828 38 484 ori: 0 0 0
2025-01-27T02:52:45Z [AreaTriggerEvents] Created trigger TempleHammerTrigger at 366 54.3 868 ori: 0 0 0
2025-01-27T02:52:45Z [AreaTriggerEvents] Created trigger TemplePartB1 at 405 130 1517 ori: 0 0 0
2025-01-27T02:52:45Z [AreaTriggerEvents] Created trigger TemplePartB2 at 417 2.4 1591 ori: 0 0 0
2025-01-27T02:56:41Z [AreaTriggerEvents] Created trigger ArcticCrypt at 15621 231.4 14845 ori: 0 0 0
2025-01-27T02:56:41Z [AreaTriggerEvents] Created trigger ArcticCrypt2 at 15640 258.6 14828 ori: 0 0 0
2025-01-27T02:56:41Z [AreaTriggerEvents] Created trigger ArcticCrypt3 at 15642 208.9 14788 ori: 0 0 0
2025-01-27T02:56:41Z [AreaTriggerEvents] Created trigger KMUCMain at 7059 573.5 11620 ori: 0 0 0
2025-01-27T02:56:41Z [AreaTriggerEvents] Created trigger KMUCMainBottom at 7249 224.8 11617 ori: 0 0 0
2025-01-27T02:56:41Z [AreaTriggerEvents] Created trigger TempleBridgeJump at 371 49.6 526 ori: 0 0 0
2025-01-27T02:56:41Z [AreaTriggerEvents] Created trigger TempleOutsideTop1 at 739.5 38 483 ori: 0 0 0
2025-01-27T02:56:41Z [AreaTriggerEvents] Created trigger TempleOutsideTop2 at 670 49.5 306 ori: 0 0 0
2025-01-27T02:56:41Z [AreaTriggerEvents] Created trigger TempleWolfTrap at 591 14.3 390 ori: 0 0 0
2025-01-27T02:56:41Z [AreaTriggerEvents] Created trigger TempleInside1 at 865 19.2 410 ori: 0 0 0
2025-01-27T02:56:41Z [AreaTriggerEvents] Created trigger TempleInside2 at 828 38 484 ori: 0 0 0
2025-01-27T02:56:41Z [AreaTriggerEvents] Created trigger TempleHammerTrigger at 366 54.3 868 ori: 0 0 0
2025-01-27T02:56:41Z [AreaTriggerEvents] Created trigger TemplePartB1 at 405 130 1517 ori: 0 0 0
2025-01-27T02:56:41Z [AreaTriggerEvents] Created trigger TemplePartB2 at 417 2.4 1591 ori: 0 0 0
2025-01-27T03:00:31Z [AreaTriggerEvents] Created trigger ArcticCrypt at 15621 231.4 14845 ori: 0 0 0
2025-01-27T03:00:31Z [AreaTriggerEvents] Created trigger ArcticCrypt2 at 15640 258.6 14828 ori: 0 0 0
2025-01-27T03:00:31Z [AreaTriggerEvents] Created trigger ArcticCrypt3 at 15642 208.9 14788 ori: 0 0 0
2025-01-27T03:00:31Z [AreaTriggerEvents] Created trigger KMUCMain at 7059 573.5 11620 ori: 0 0 0
2025-01-27T03:00:31Z [AreaTriggerEvents] Created trigger KMUCMainBottom at 7249 224.8 11617 ori: 0 0 0
2025-01-27T03:00:31Z [AreaTriggerEvents] Created trigger TempleBridgeJump at 371 49.6 526 ori: 0 0 0
2025-01-27T03:00:31Z [AreaTriggerEvents] Created trigger TempleOutsideTop1 at 739.5 38 483 ori: 0 0 0
2025-01-27T03:00:31Z [AreaTriggerEvents] Created trigger TempleOutsideTop2 at 670 49.5 306 ori: 0 0 0
2025-01-27T03:00:31Z [AreaTriggerEvents] Created trigger TempleWolfTrap at 591 14.3 390 ori: 0 0 0
2025-01-27T03:00:31Z [AreaTriggerEvents] Created trigger TempleInside1 at 865 19.2 410 ori: 0 0 0
2025-01-27T03:00:31Z [AreaTriggerEvents] Created trigger TempleInside2 at 828 38 484 ori: 0 0 0
2025-01-27T03:00:31Z [AreaTriggerEvents] Created trigger TempleHammerTrigger at 366 54.3 868 ori: 0 0 0
2025-01-27T03:00:31Z [AreaTriggerEvents] Created trigger TemplePartB1 at 405 130 1517 ori: 0 0 0
2025-01-27T03:00:31Z [AreaTriggerEvents] Created trigger TemplePartB2 at 417 2.4 1591 ori: 0 0 0
2025-01-27T03:14:45Z [AreaTriggerEvents] Created trigger ArcticCrypt at 15621 231.4 14845 ori: 0 0 0
2025-01-27T03:14:45Z [AreaTriggerEvents] Created trigger ArcticCrypt2 at 15640 258.6 14828 ori: 0 0 0
2025-01-27T03:14:45Z [AreaTriggerEvents] Created trigger ArcticCrypt3 at 15642 208.9 14788 ori: 0 0 0
2025-01-27T03:14:45Z [AreaTriggerEvents] Created trigger KMUCMain at 7059 573.5 11620 ori: 0 0 0
2025-01-27T03:14:45Z [AreaTriggerEvents] Created trigger KMUCMainBottom at 7249 224.8 11617 ori: 0 0 0
2025-01-27T03:14:45Z [AreaTriggerEvents] Created trigger TempleBridgeJump at 371 49.6 526 ori: 0 0 0
2025-01-27T03:14:45Z [AreaTriggerEvents] Created trigger TempleOutsideTop1 at 739.5 38 483 ori: 0 0 0
2025-01-27T03:14:45Z [AreaTriggerEvents] Created trigger TempleOutsideTop2 at 670 49.5 306 ori: 0 0 0
2025-01-27T03:14:45Z [AreaTriggerEvents] Created trigger TempleWolfTrap at 591 14.3 390 ori: 0 0 0
2025-01-27T03:14:45Z [AreaTriggerEvents] Created trigger TempleInside1 at 865 19.2 410 ori: 0 0 0
2025-01-27T03:14:45Z [AreaTriggerEvents] Created trigger TempleInside2 at 828 38 484 ori: 0 0 0
2025-01-27T03:14:45Z [AreaTriggerEvents] Created trigger TempleHammerTrigger at 366 54.3 868 ori: 0 0 0
2025-01-27T03:14:45Z [AreaTriggerEvents] Created trigger TemplePartB1 at 405 130 1517 ori: 0 0 0
2025-01-27T03:14:45Z [AreaTriggerEvents] Created trigger TemplePartB2 at 417 2.4 1591 ori: 0 0 0
2025-01-27T03:17:37Z [AreaTriggerEvents] Created trigger ArcticCrypt at 15621 231.4 14845 ori: 0 0 0
2025-01-27T03:17:37Z [AreaTriggerEvents] Created trigger ArcticCrypt2 at 15640 258.6 14828 ori: 0 0 0
2025-01-27T03:17:37Z [AreaTriggerEvents] Created trigger ArcticCrypt3 at 15642 208.9 14788 ori: 0 0 0
2025-01-27T03:17:37Z [AreaTriggerEvents] Created trigger KMUCMain at 7059 573.5 11620 ori: 0 0 0
2025-01-27T03:17:37Z [AreaTriggerEvents] Created trigger KMUCMainBottom at 7249 224.8 11617 ori: 0 0 0
2025-01-27T03:17:37Z [AreaTriggerEvents] Created trigger TempleBridgeJump at 371 49.6 526 ori: 0 0 0
2025-01-27T03:17:37Z [AreaTriggerEvents] Created trigger TempleOutsideTop1 at 739.5 38 483 ori: 0 0 0
2025-01-27T03:17:37Z [AreaTriggerEvents] Created trigger TempleOutsideTop2 at 670 49.5 306 ori: 0 0 0
2025-01-27T03:17:37Z [AreaTriggerEvents] Created trigger TempleWolfTrap at 591 14.3 390 ori: 0 0 0
2025-01-27T03:17:37Z [AreaTriggerEvents] Created trigger TempleInside1 at 865 19.2 410 ori: 0 0 0
2025-01-27T03:17:37Z [AreaTriggerEvents] Created trigger TempleInside2 at 828 38 484 ori: 0 0 0
2025-01-27T03:17:37Z [AreaTriggerEvents] Created trigger TempleHammerTrigger at 366 54.3 868 ori: 0 0 0
2025-01-27T03:17:37Z [AreaTriggerEvents] Created trigger TemplePartB1 at 405 130 1517 ori: 0 0 0
2025-01-27T03:17:37Z [AreaTriggerEvents] Created trigger TemplePartB2 at 417 2.4 1591 ori: 0 0 0
2025-01-27T03:23:03Z [AreaTriggerEvents] Created trigger ArcticCrypt at 15621 231.4 14845 ori: 0 0 0
2025-01-27T03:23:03Z [AreaTriggerEvents] Created trigger ArcticCrypt2 at 15640 258.6 14828 ori: 0 0 0
2025-01-27T03:23:03Z [AreaTriggerEvents] Created trigger ArcticCrypt3 at 15642 208.9 14788 ori: 0 0 0
2025-01-27T03:23:03Z [AreaTriggerEvents] Created trigger KMUCMain at 7059 573.5 11620 ori: 0 0 0
2025-01-27T03:23:03Z [AreaTriggerEvents] Created trigger KMUCMainBottom at 7249 224.8 11617 ori: 0 0 0
2025-01-27T03:23:03Z [AreaTriggerEvents] Created trigger TempleBridgeJump at 371 49.6 526 ori: 0 0 0
2025-01-27T03:23:03Z [AreaTriggerEvents] Created trigger TempleOutsideTop1 at 739.5 38 483 ori: 0 0 0
2025-01-27T03:23:03Z [AreaTriggerEvents] Created trigger TempleOutsideTop2 at 670 49.5 306 ori: 0 0 0
2025-01-27T03:23:03Z [AreaTriggerEvents] Created trigger TempleWolfTrap at 591 14.3 390 ori: 0 0 0
2025-01-27T03:23:03Z [AreaTriggerEvents] Created trigger TempleInside1 at 865 19.2 410 ori: 0 0 0
2025-01-27T03:23:03Z [AreaTriggerEvents] Created trigger TempleInside2 at 828 38 484 ori: 0 0 0
2025-01-27T03:23:03Z [AreaTriggerEvents] Created trigger TempleHammerTrigger at 366 54.3 868 ori: 0 0 0
2025-01-27T03:23:03Z [AreaTriggerEvents] Created trigger TemplePartB1 at 405 130 1517 ori: 0 0 0
2025-01-27T03:23:03Z [AreaTriggerEvents] Created trigger TemplePartB2 at 417 2.4 1591 ori: 0 0 0
2025-01-27T04:09:30Z [AreaTriggerEvents] Created trigger ArcticCrypt at 15621 231.4 14845 ori: 0 0 0
2025-01-27T04:09:30Z [AreaTriggerEvents] Created trigger ArcticCrypt2 at 15640 258.6 14828 ori: 0 0 0
2025-01-27T04:09:30Z [AreaTriggerEvents] Created trigger ArcticCrypt3 at 15642 208.9 14788 ori: 0 0 0
2025-01-27T04:09:30Z [AreaTriggerEvents] Created trigger KMUCMain at 7059 573.5 11620 ori: 0 0 0
2025-01-27T04:09:30Z [AreaTriggerEvents] Created trigger KMUCMainBottom at 7249 224.8 11617 ori: 0 0 0
2025-01-27T04:09:30Z [AreaTriggerEvents] Created trigger TempleBridgeJump at 371 49.6 526 ori: 0 0 0
2025-01-27T04:09:30Z [AreaTriggerEvents] Created trigger TempleOutsideTop1 at 739.5 38 483 ori: 0 0 0
2025-01-27T04:09:30Z [AreaTriggerEvents] Created trigger TempleOutsideTop2 at 670 49.5 306 ori: 0 0 0
2025-01-27T04:09:30Z [AreaTriggerEvents] Created trigger TempleWolfTrap at 591 14.3 390 ori: 0 0 0
2025-01-27T04:09:30Z [AreaTriggerEvents] Created trigger TempleInside1 at 865 19.2 410 ori: 0 0 0
2025-01-27T04:09:30Z [AreaTriggerEvents] Created trigger TempleInside2 at 828 38 484 ori: 0 0 0
2025-01-27T04:09:30Z [AreaTriggerEvents] Created trigger TempleHammerTrigger at 366 54.3 868 ori: 0 0 0
2025-01-27T04:09:30Z [AreaTriggerEvents] Created trigger TemplePartB1 at 405 130 1517 ori: 0 0 0
2025-01-27T04:09:30Z [AreaTriggerEvents] Created trigger TemplePartB2 at 417 2.4 1591 ori: 0 0 0
2025-01-27T04:15:30Z [AreaTriggerEvents] Created trigger ArcticCrypt at 15621 231.4 14845 ori: 0 0 0
2025-01-27T04:15:30Z [AreaTriggerEvents] Created trigger ArcticCrypt2 at 15640 258.6 14828 ori: 0 0 0
2025-01-27T04:15:30Z [AreaTriggerEvents] Created trigger ArcticCrypt3 at 15642 208.9 14788 ori: 0 0 0
2025-01-27T04:15:30Z [AreaTriggerEvents] Created trigger KMUCMain at 7059 573.5 11620 ori: 0 0 0
2025-01-27T04:15:30Z [AreaTriggerEvents] Created trigger KMUCMainBottom at 7249 224.8 11617 ori: 0 0 0
2025-01-27T04:15:30Z [AreaTriggerEvents] Created trigger TempleBridgeJump at 371 49.6 526 ori: 0 0 0
2025-01-27T04:15:30Z [AreaTriggerEvents] Created trigger TempleOutsideTop1 at 739.5 38 483 ori: 0 0 0
2025-01-27T04:15:30Z [AreaTriggerEvents] Created trigger TempleOutsideTop2 at 670 49.5 306 ori: 0 0 0
2025-01-27T04:15:30Z [AreaTriggerEvents] Created trigger TempleWolfTrap at 591 14.3 390 ori: 0 0 0
2025-01-27T04:15:30Z [AreaTriggerEvents] Created trigger TempleInside1 at 865 19.2 410 ori: 0 0 0
2025-01-27T04:15:30Z [AreaTriggerEvents] Created trigger TempleInside2 at 828 38 484 ori: 0 0 0
2025-01-27T04:15:30Z [AreaTriggerEvents] Created trigger TempleHammerTrigger at 366 54.3 868 ori: 0 0 0
2025-01-27T04:15:30Z [AreaTriggerEvents] Created trigger TemplePartB1 at 405 130 1517 ori: 0 0 0
2025-01-27T04:15:30Z [AreaTriggerEvents] Created trigger TemplePartB2 at 417 2.4 1591 ori: 0 0 0
2025-01-27T05:23:42Z [AreaTriggerEvents] Created trigger ArcticCrypt at 15621 231.4 14845 ori: 0 0 0
2025-01-27T05:23:42Z [AreaTriggerEvents] Created trigger ArcticCrypt2 at 15640 258.6 14828 ori: 0 0 0
2025-01-27T05:23:42Z [AreaTriggerEvents] Created trigger ArcticCrypt3 at 15642 208.9 14788 ori: 0 0 0
2025-01-27T05:23:42Z [AreaTriggerEvents] Created trigger KMUCMain at 7059 573.5 11620 ori: 0 0 0
2025-01-27T05:23:42Z [AreaTriggerEvents] Created trigger KMUCMainBottom at 7249 224.8 11617 ori: 0 0 0
2025-01-27T05:23:42Z [AreaTriggerEvents] Created trigger TempleBridgeJump at 371 49.6 526 ori: 0 0 0
2025-01-27T05:23:42Z [AreaTriggerEvents] Created trigger TempleOutsideTop1 at 739.5 38 483 ori: 0 0 0
2025-01-27T05:23:42Z [AreaTriggerEvents] Created trigger TempleOutsideTop2 at 670 49.5 306 ori: 0 0 0
2025-01-27T05:23:42Z [AreaTriggerEvents] Created trigger TempleWolfTrap at 591 14.3 390 ori: 0 0 0
2025-01-27T05:23:42Z [AreaTriggerEvents] Created trigger TempleInside1 at 865 19.2 410 ori: 0 0 0
2025-01-27T05:23:42Z [AreaTriggerEvents] Created trigger TempleInside2 at 828 38 484 ori: 0 0 0
2025-01-27T05:23:42Z [AreaTriggerEvents] Created trigger TempleHammerTrigger at 366 54.3 868 ori: 0 0 0
2025-01-27T05:23:42Z [AreaTriggerEvents] Created trigger TemplePartB1 at 405 130 1517 ori: 0 0 0
2025-01-27T05:23:42Z [AreaTriggerEvents] Created trigger TemplePartB2 at 417 2.4 1591 ori: 0 0 0
2025-01-27T05:37:41Z [AreaTriggerEvents] Created trigger ArcticCrypt at 15621 231.4 14845 ori: 0 0 0
2025-01-27T05:37:41Z [AreaTriggerEvents] Created trigger ArcticCrypt2 at 15640 258.6 14828 ori: 0 0 0
2025-01-27T05:37:41Z [AreaTriggerEvents] Created trigger ArcticCrypt3 at 15642 208.9 14788 ori: 0 0 0
2025-01-27T05:37:41Z [AreaTriggerEvents] Created trigger KMUCMain at 7059 573.5 11620 ori: 0 0 0
2025-01-27T05:37:41Z [AreaTriggerEvents] Created trigger KMUCMainBottom at 7249 224.8 11617 ori: 0 0 0
2025-01-27T05:37:41Z [AreaTriggerEvents] Created trigger TempleBridgeJump at 371 49.6 526 ori: 0 0 0
2025-01-27T05:37:41Z [AreaTriggerEvents] Created trigger TempleOutsideTop1 at 739.5 38 483 ori: 0 0 0
2025-01-27T05:37:41Z [AreaTriggerEvents] Created trigger TempleOutsideTop2 at 670 49.5 306 ori: 0 0 0
2025-01-27T05:37:41Z [AreaTriggerEvents] Created trigger TempleWolfTrap at 591 14.3 390 ori: 0 0 0
2025-01-27T05:37:41Z [AreaTriggerEvents] Created trigger TempleInside1 at 865 19.2 410 ori: 0 0 0
2025-01-27T05:37:41Z [AreaTriggerEvents] Created trigger TempleInside2 at 828 38 484 ori: 0 0 0
2025-01-27T05:37:41Z [AreaTriggerEvents] Created trigger TempleHammerTrigger at 366 54.3 868 ori: 0 0 0
2025-01-27T05:37:41Z [AreaTriggerEvents] Created trigger TemplePartB1 at 405 130 1517 ori: 0 0 0
2025-01-27T05:37:41Z [AreaTriggerEvents] Created trigger TemplePartB2 at 417 2.4 1591 ori: 0 0 0
2025-01-27T05:42:24Z [AreaTriggerEvents] Created trigger ArcticCrypt at 15621 231.4 14845 ori: 0 0 0
2025-01-27T05:42:24Z [AreaTriggerEvents] Created trigger ArcticCrypt2 at 15640 258.6 14828 ori: 0 0 0
2025-01-27T05:42:24Z [AreaTriggerEvents] Created trigger ArcticCrypt3 at 15642 208.9 14788 ori: 0 0 0
2025-01-27T05:42:24Z [AreaTriggerEvents] Created trigger KMUCMain at 7059 573.5 11620 ori: 0 0 0
2025-01-27T05:42:24Z [AreaTriggerEvents] Created trigger KMUCMainBottom at 7249 224.8 11617 ori: 0 0 0
2025-01-27T05:42:24Z [AreaTriggerEvents] Created trigger TempleBridgeJump at 371 49.6 526 ori: 0 0 0
2025-01-27T05:42:24Z [AreaTriggerEvents] Created trigger TempleOutsideTop1 at 739.5 38 483 ori: 0 0 0
2025-01-27T05:42:24Z [AreaTriggerEvents] Created trigger TempleOutsideTop2 at 670 49.5 306 ori: 0 0 0
2025-01-27T05:42:24Z [AreaTriggerEvents] Created trigger TempleWolfTrap at 591 14.3 390 ori: 0 0 0
2025-01-27T05:42:24Z [AreaTriggerEvents] Created trigger TempleInside1 at 865 19.2 410 ori: 0 0 0
2025-01-27T05:42:24Z [AreaTriggerEvents] Created trigger TempleInside2 at 828 38 484 ori: 0 0 0
2025-01-27T05:42:24Z [AreaTriggerEvents] Created trigger TempleHammerTrigger at 366 54.3 868 ori: 0 0 0
2025-01-27T05:42:24Z [AreaTriggerEvents] Created trigger TemplePartB1 at 405 130 1517 ori: 0 0 0
2025-01-27T05:42:24Z [AreaTriggerEvents] Created trigger TemplePartB2 at 417 2.4 1591 ori: 0 0 0
2025-01-27T05:47:42Z [AreaTriggerEvents] Created trigger ArcticCrypt at 15621 231.4 14845 ori: 0 0 0
2025-01-27T05:47:42Z [AreaTriggerEvents] Created trigger ArcticCrypt2 at 15640 258.6 14828 ori: 0 0 0
2025-01-27T05:47:42Z [AreaTriggerEvents] Created trigger ArcticCrypt3 at 15642 208.9 14788 ori: 0 0 0
2025-01-27T05:47:42Z [AreaTriggerEvents] Created trigger KMUCMain at 7059 573.5 11620 ori: 0 0 0
2025-01-27T05:47:42Z [AreaTriggerEvents] Created trigger KMUCMainBottom at 7249 224.8 11617 ori: 0 0 0
2025-01-27T05:47:42Z [AreaTriggerEvents] Created trigger TempleBridgeJump at 371 49.6 526 ori: 0 0 0
2025-01-27T05:47:42Z [AreaTriggerEvents] Created trigger TempleOutsideTop1 at 739.5 38 483 ori: 0 0 0
2025-01-27T05:47:42Z [AreaTriggerEvents] Created trigger TempleOutsideTop2 at 670 49.5 306 ori: 0 0 0
2025-01-27T05:47:42Z [AreaTriggerEvents] Created trigger TempleWolfTrap at 591 14.3 390 ori: 0 0 0
2025-01-27T05:47:42Z [AreaTriggerEvents] Created trigger TempleInside1 at 865 19.2 410 ori: 0 0 0
2025-01-27T05:47:42Z [AreaTriggerEvents] Created trigger TempleInside2 at 828 38 484 ori: 0 0 0
2025-01-27T05:47:42Z [AreaTriggerEvents] Created trigger TempleHammerTrigger at 366 54.3 868 ori: 0 0 0
2025-01-27T05:47:42Z [AreaTriggerEvents] Created trigger TemplePartB1 at 405 130 1517 ori: 0 0 0
2025-01-27T05:47:42Z [AreaTriggerEvents] Created trigger TemplePartB2 at 417 2.4 1591 ori: 0 0 0
2025-01-27T05:52:16Z [AreaTriggerEvents] Created trigger ArcticCrypt at 15621 231.4 14845 ori: 0 0 0
2025-01-27T05:52:16Z [AreaTriggerEvents] Created trigger ArcticCrypt2 at 15640 258.6 14828 ori: 0 0 0
2025-01-27T05:52:16Z [AreaTriggerEvents] Created trigger ArcticCrypt3 at 15642 208.9 14788 ori: 0 0 0
2025-01-27T05:52:16Z [AreaTriggerEvents] Created trigger KMUCMain at 7059 573.5 11620 ori: 0 0 0
2025-01-27T05:52:16Z [AreaTriggerEvents] Created trigger KMUCMainBottom at 7249 224.8 11617 ori: 0 0 0
2025-01-27T05:52:16Z [AreaTriggerEvents] Created trigger TempleBridgeJump at 371 49.6 526 ori: 0 0 0
2025-01-27T05:52:16Z [AreaTriggerEvents] Created trigger TempleOutsideTop1 at 739.5 38 483 ori: 0 0 0
2025-01-27T05:52:16Z [AreaTriggerEvents] Created trigger TempleOutsideTop2 at 670 49.5 306 ori: 0 0 0
2025-01-27T05:52:16Z [AreaTriggerEvents] Created trigger TempleWolfTrap at 591 14.3 390 ori: 0 0 0
2025-01-27T05:52:16Z [AreaTriggerEvents] Created trigger TempleInside1 at 865 19.2 410 ori: 0 0 0
2025-01-27T05:52:16Z [AreaTriggerEvents] Created trigger TempleInside2 at 828 38 484 ori: 0 0 0
2025-01-27T05:52:16Z [AreaTriggerEvents] Created trigger TempleHammerTrigger at 366 54.3 868 ori: 0 0 0
2025-01-27T05:52:16Z [AreaTriggerEvents] Created trigger TemplePartB1 at 405 130 1517 ori: 0 0 0
2025-01-27T05:52:16Z [AreaTriggerEvents] Created trigger TemplePartB2 at 417 2.4 1591 ori: 0 0 0
2025-01-27T05:59:02Z [AreaTriggerEvents] Created trigger ArcticCrypt at 15621 231.4 14845 ori: 0 0 0
2025-01-27T05:59:02Z [AreaTriggerEvents] Created trigger ArcticCrypt2 at 15640 258.6 14828 ori: 0 0 0
2025-01-27T05:59:02Z [AreaTriggerEvents] Created trigger ArcticCrypt3 at 15642 208.9 14788 ori: 0 0 0
2025-01-27T05:59:02Z [AreaTriggerEvents] Created trigger KMUCMain at 7059 573.5 11620 ori: 0 0 0
2025-01-27T05:59:02Z [AreaTriggerEvents] Created trigger KMUCMainBottom at 7249 224.8 11617 ori: 0 0 0
2025-01-27T05:59:02Z [AreaTriggerEvents] Created trigger TempleBridgeJump at 371 49.6 526 ori: 0 0 0
2025-01-27T05:59:02Z [AreaTriggerEvents] Created trigger TempleOutsideTop1 at 739.5 38 483 ori: 0 0 0
2025-01-27T05:59:02Z [AreaTriggerEvents] Created trigger TempleOutsideTop2 at 670 49.5 306 ori: 0 0 0
2025-01-27T05:59:02Z [AreaTriggerEvents] Created trigger TempleWolfTrap at 591 14.3 390 ori: 0 0 0
2025-01-27T05:59:02Z [AreaTriggerEvents] Created trigger TempleInside1 at 865 19.2 410 ori: 0 0 0
2025-01-27T05:59:02Z [AreaTriggerEvents] Created trigger TempleInside2 at 828 38 484 ori: 0 0 0
2025-01-27T05:59:02Z [AreaTriggerEvents] Created trigger TempleHammerTrigger at 366 54.3 868 ori: 0 0 0
2025-01-27T05:59:02Z [AreaTriggerEvents] Created trigger TemplePartB1 at 405 130 1517 ori: 0 0 0
2025-01-27T05:59:02Z [AreaTriggerEvents] Created trigger TemplePartB2 at 417 2.4 1591 ori: 0 0 0
2025-01-27T06:11:07Z [AreaTriggerEvents] Created trigger ArcticCrypt at 15621 231.4 14845 ori: 0 0 0
2025-01-27T06:11:07Z [AreaTriggerEvents] Created trigger ArcticCrypt2 at 15640 258.6 14828 ori: 0 0 0
2025-01-27T06:11:07Z [AreaTriggerEvents] Created trigger ArcticCrypt3 at 15642 208.9 14788 ori: 0 0 0
2025-01-27T06:11:07Z [AreaTriggerEvents] Created trigger KMUCMain at 7059 573.5 11620 ori: 0 0 0
2025-01-27T06:11:07Z [AreaTriggerEvents] Created trigger KMUCMainBottom at 7249 224.8 11617 ori: 0 0 0
2025-01-27T06:11:07Z [AreaTriggerEvents] Created trigger TempleBridgeJump at 371 49.6 526 ori: 0 0 0
2025-01-27T06:11:07Z [AreaTriggerEvents] Created trigger TempleOutsideTop1 at 739.5 38 483 ori: 0 0 0
2025-01-27T06:11:07Z [AreaTriggerEvents] Created trigger TempleOutsideTop2 at 670 49.5 306 ori: 0 0 0
2025-01-27T06:11:07Z [AreaTriggerEvents] Created trigger TempleWolfTrap at 591 14.3 390 ori: 0 0 0
2025-01-27T06:11:07Z [AreaTriggerEvents] Created trigger TempleInside1 at 865 19.2 410 ori: 0 0 0
2025-01-27T06:11:07Z [AreaTriggerEvents] Created trigger TempleInside2 at 828 38 484 ori: 0 0 0
2025-01-27T06:11:07Z [AreaTriggerEvents] Created trigger TempleHammerTrigger at 366 54.3 868 ori: 0 0 0
2025-01-27T06:11:07Z [AreaTriggerEvents] Created trigger TemplePartB1 at 405 130 1517 ori: 0 0 0
2025-01-27T06:11:07Z [AreaTriggerEvents] Created trigger TemplePartB2 at 417 2.4 1591 ori: 0 0 0
2025-01-27T06:14:50Z [AreaTriggerEvents] Created trigger ArcticCrypt at 15621 231.4 14845 ori: 0 0 0
2025-01-27T06:14:50Z [AreaTriggerEvents] Created trigger ArcticCrypt2 at 15640 258.6 14828 ori: 0 0 0
2025-01-27T06:14:50Z [AreaTriggerEvents] Created trigger ArcticCrypt3 at 15642 208.9 14788 ori: 0 0 0
2025-01-27T06:14:50Z [AreaTriggerEvents] Created trigger KMUCMain at 7059 573.5 11620 ori: 0 0 0
2025-01-27T06:14:50Z [AreaTriggerEvents] Created trigger KMUCMainBottom at 7249 224.8 11617 ori: 0 0 0
2025-01-27T06:14:50Z [AreaTriggerEvents] Created trigger TempleBridgeJump at 371 49.6 526 ori: 0 0 0
2025-01-27T06:14:50Z [AreaTriggerEvents] Created trigger TempleOutsideTop1 at 739.5 38 483 ori: 0 0 0
2025-01-27T06:14:50Z [AreaTriggerEvents] Created trigger TempleOutsideTop2 at 670 49.5 306 ori: 0 0 0
2025-01-27T06:14:50Z [AreaTriggerEvents] Created trigger TempleWolfTrap at 591 14.3 390 ori: 0 0 0
2025-01-27T06:14:50Z [AreaTriggerEvents] Created trigger TempleInside1 at 865 19.2 410 ori: 0 0 0
2025-01-27T06:14:50Z [AreaTriggerEvents] Created trigger TempleInside2 at 828 38 484 ori: 0 0 0
2025-01-27T06:14:50Z [AreaTriggerEvents] Created trigger TempleHammerTrigger at 366 54.3 868 ori: 0 0 0
2025-01-27T06:14:50Z [AreaTriggerEvents] Created trigger TemplePartB1 at 405 130 1517 ori: 0 0 0
2025-01-27T06:14:50Z [AreaTriggerEvents] Created trigger TemplePartB2 at 417 2.4 1591 ori: 0 0 0
2025-01-27T06:16:30Z [AreaTriggerEvents] Created trigger ArcticCrypt at 15621 231.4 14845 ori: 0 0 0
2025-01-27T06:16:30Z [AreaTriggerEvents] Created trigger ArcticCrypt2 at 15640 258.6 14828 ori: 0 0 0
2025-01-27T06:16:30Z [AreaTriggerEvents] Created trigger ArcticCrypt3 at 15642 208.9 14788 ori: 0 0 0
2025-01-27T06:16:30Z [AreaTriggerEvents] Created trigger KMUCMain at 7059 573.5 11620 ori: 0 0 0
2025-01-27T06:16:30Z [AreaTriggerEvents] Created trigger KMUCMainBottom at 7249 224.8 11617 ori: 0 0 0
2025-01-27T06:16:30Z [AreaTriggerEvents] Created trigger TempleBridgeJump at 371 49.6 526 ori: 0 0 0
2025-01-27T06:16:30Z [AreaTriggerEvents] Created trigger TempleOutsideTop1 at 739.5 38 483 ori: 0 0 0
2025-01-27T06:16:30Z [AreaTriggerEvents] Created trigger TempleOutsideTop2 at 670 49.5 306 ori: 0 0 0
2025-01-27T06:16:30Z [AreaTriggerEvents] Created trigger TempleWolfTrap at 591 14.3 390 ori: 0 0 0
2025-01-27T06:16:30Z [AreaTriggerEvents] Created trigger TempleInside1 at 865 19.2 410 ori: 0 0 0
2025-01-27T06:16:30Z [AreaTriggerEvents] Created trigger TempleInside2 at 828 38 484 ori: 0 0 0
2025-01-27T06:16:30Z [AreaTriggerEvents] Created trigger TempleHammerTrigger at 366 54.3 868 ori: 0 0 0
2025-01-27T06:16:30Z [AreaTriggerEvents] Created trigger TemplePartB1 at 405 130 1517 ori: 0 0 0
2025-01-27T06:16:30Z [AreaTriggerEvents] Created trigger TemplePartB2 at 417 2.4 1591 ori: 0 0 0
2025-01-27T06:17:46Z [AreaTriggerEvents] Created trigger ArcticCrypt at 15621 231.4 14845 ori: 0 0 0
2025-01-27T06:17:46Z [AreaTriggerEvents] Created trigger ArcticCrypt2 at 15640 258.6 14828 ori: 0 0 0
2025-01-27T06:17:46Z [AreaTriggerEvents] Created trigger ArcticCrypt3 at 15642 208.9 14788 ori: 0 0 0
2025-01-27T06:17:46Z [AreaTriggerEvents] Created trigger KMUCMain at 7059 573.5 11620 ori: 0 0 0
2025-01-27T06:17:46Z [AreaTriggerEvents] Created trigger KMUCMainBottom at 7249 224.8 11617 ori: 0 0 0
2025-01-27T06:17:46Z [AreaTriggerEvents] Created trigger TempleBridgeJump at 371 49.6 526 ori: 0 0 0
2025-01-27T06:17:46Z [AreaTriggerEvents] Created trigger TempleOutsideTop1 at 739.5 38 483 ori: 0 0 0
2025-01-27T06:17:46Z [AreaTriggerEvents] Created trigger TempleOutsideTop2 at 670 49.5 306 ori: 0 0 0
2025-01-27T06:17:46Z [AreaTriggerEvents] Created trigger TempleWolfTrap at 591 14.3 390 ori: 0 0 0
2025-01-27T06:17:46Z [AreaTriggerEvents] Created trigger TempleInside1 at 865 19.2 410 ori: 0 0 0
2025-01-27T06:17:46Z [AreaTriggerEvents] Created trigger TempleInside2 at 828 38 484 ori: 0 0 0
2025-01-27T06:17:46Z [AreaTriggerEvents] Created trigger TempleHammerTrigger at 366 54.3 868 ori: 0 0 0
2025-01-27T06:17:46Z [AreaTriggerEvents] Created trigger TemplePartB1 at 405 130 1517 ori: 0 0 0
2025-01-27T06:17:46Z [AreaTriggerEvents] Created trigger TemplePartB2 at 417 2.4 1591 ori: 0 0 0
2025-01-27T06:20:47Z [AreaTriggerEvents] Created trigger ArcticCrypt at 15621 231.4 14845 ori: 0 0 0
2025-01-27T06:20:47Z [AreaTriggerEvents] Created trigger ArcticCrypt2 at 15640 258.6 14828 ori: 0 0 0
2025-01-27T06:20:47Z [AreaTriggerEvents] Created trigger ArcticCrypt3 at 15642 208.9 14788 ori: 0 0 0
2025-01-27T06:20:47Z [AreaTriggerEvents] Created trigger KMUCMain at 7059 573.5 11620 ori: 0 0 0
2025-01-27T06:20:47Z [AreaTriggerEvents] Created trigger KMUCMainBottom at 7249 224.8 11617 ori: 0 0 0
2025-01-27T06:20:47Z [AreaTriggerEvents] Created trigger TempleBridgeJump at 371 49.6 526 ori: 0 0 0
2025-01-27T06:20:47Z [AreaTriggerEvents] Created trigger TempleOutsideTop1 at 739.5 38 483 ori: 0 0 0
2025-01-27T06:20:47Z [AreaTriggerEvents] Created trigger TempleOutsideTop2 at 670 49.5 306 ori: 0 0 0
2025-01-27T06:20:47Z [AreaTriggerEvents] Created trigger TempleWolfTrap at 591 14.3 390 ori: 0 0 0
2025-01-27T06:20:47Z [AreaTriggerEvents] Created trigger TempleInside1 at 865 19.2 410 ori: 0 0 0
2025-01-27T06:20:47Z [AreaTriggerEvents] Created trigger TempleInside2 at 828 38 484 ori: 0 0 0
2025-01-27T06:20:47Z [AreaTriggerEvents] Created trigger TempleHammerTrigger at 366 54.3 868 ori: 0 0 0
2025-01-27T06:20:47Z [AreaTriggerEvents] Created trigger TemplePartB1 at 405 130 1517 ori: 0 0 0
2025-01-27T06:20:47Z [AreaTriggerEvents] Created trigger TemplePartB2 at 417 2.4 1591 ori: 0 0 0
2025-01-27T06:22:59Z [AreaTriggerEvents] Created trigger ArcticCrypt at 15621 231.4 14845 ori: 0 0 0
2025-01-27T06:22:59Z [AreaTriggerEvents] Created trigger ArcticCrypt2 at 15640 258.6 14828 ori: 0 0 0
2025-01-27T06:22:59Z [AreaTriggerEvents] Created trigger ArcticCrypt3 at 15642 208.9 14788 ori: 0 0 0
2025-01-27T06:22:59Z [AreaTriggerEvents] Created trigger KMUCMain at 7059 573.5 11620 ori: 0 0 0
2025-01-27T06:22:59Z [AreaTriggerEvents] Created trigger KMUCMainBottom at 7249 224.8 11617 ori: 0 0 0
2025-01-27T06:22:59Z [AreaTriggerEvents] Created trigger TempleBridgeJump at 371 49.6 526 ori: 0 0 0
2025-01-27T06:22:59Z [AreaTriggerEvents] Created trigger TempleOutsideTop1 at 739.5 38 483 ori: 0 0 0
2025-01-27T06:22:59Z [AreaTriggerEvents] Created trigger TempleOutsideTop2 at 670 49.5 306 ori: 0 0 0
2025-01-27T06:22:59Z [AreaTriggerEvents] Created trigger TempleWolfTrap at 591 14.3 390 ori: 0 0 0
2025-01-27T06:22:59Z [AreaTriggerEvents] Created trigger TempleInside1 at 865 19.2 410 ori: 0 0 0
2025-01-27T06:22:59Z [AreaTriggerEvents] Created trigger TempleInside2 at 828 38 484 ori: 0 0 0
2025-01-27T06:22:59Z [AreaTriggerEvents] Created trigger TempleHammerTrigger at 366 54.3 868 ori: 0 0 0
2025-01-27T06:22:59Z [AreaTriggerEvents] Created trigger TemplePartB1 at 405 130 1517 ori: 0 0 0
2025-01-27T06:22:59Z [AreaTriggerEvents] Created trigger TemplePartB2 at 417 2.4 1591 ori: 0 0 0
2025-01-27T06:25:22Z [AreaTriggerEvents] Created trigger ArcticCrypt at 15621 231.4 14845 ori: 0 0 0
2025-01-27T06:25:22Z [AreaTriggerEvents] Created trigger ArcticCrypt2 at 15640 258.6 14828 ori: 0 0 0
2025-01-27T06:25:22Z [AreaTriggerEvents] Created trigger ArcticCrypt3 at 15642 208.9 14788 ori: 0 0 0
2025-01-27T06:25:22Z [AreaTriggerEvents] Created trigger KMUCMain at 7059 573.5 11620 ori: 0 0 0
2025-01-27T06:25:22Z [AreaTriggerEvents] Created trigger KMUCMainBottom at 7249 224.8 11617 ori: 0 0 0
2025-01-27T06:25:22Z [AreaTriggerEvents] Created trigger TempleBridgeJump at 371 49.6 526 ori: 0 0 0
2025-01-27T06:25:22Z [AreaTriggerEvents] Created trigger TempleOutsideTop1 at 739.5 38 483 ori: 0 0 0
2025-01-27T06:25:22Z [AreaTriggerEvents] Created trigger TempleOutsideTop2 at 670 49.5 306 ori: 0 0 0
2025-01-27T06:25:22Z [AreaTriggerEvents] Created trigger TempleWolfTrap at 591 14.3 390 ori: 0 0 0
2025-01-27T06:25:22Z [AreaTriggerEvents] Created trigger TempleInside1 at 865 19.2 410 ori: 0 0 0
2025-01-27T06:25:22Z [AreaTriggerEvents] Created trigger TempleInside2 at 828 38 484 ori: 0 0 0
2025-01-27T06:25:22Z [AreaTriggerEvents] Created trigger TempleHammerTrigger at 366 54.3 868 ori: 0 0 0
2025-01-27T06:25:22Z [AreaTriggerEvents] Created trigger TemplePartB1 at 405 130 1517 ori: 0 0 0
2025-01-27T06:25:22Z [AreaTriggerEvents] Created trigger TemplePartB2 at 417 2.4 1591 ori: 0 0 0
2025-01-27T06:28:08Z [AreaTriggerEvents] Created trigger ArcticCrypt at 15621 231.4 14845 ori: 0 0 0
2025-01-27T06:28:08Z [AreaTriggerEvents] Created trigger ArcticCrypt2 at 15640 258.6 14828 ori: 0 0 0
2025-01-27T06:28:08Z [AreaTriggerEvents] Created trigger ArcticCrypt3 at 15642 208.9 14788 ori: 0 0 0
2025-01-27T06:28:08Z [AreaTriggerEvents] Created trigger KMUCMain at 7059 573.5 11620 ori: 0 0 0
2025-01-27T06:28:08Z [AreaTriggerEvents] Created trigger KMUCMainBottom at 7249 224.8 11617 ori: 0 0 0
2025-01-27T06:28:08Z [AreaTriggerEvents] Created trigger TempleBridgeJump at 371 49.6 526 ori: 0 0 0
2025-01-27T06:28:08Z [AreaTriggerEvents] Created trigger TempleOutsideTop1 at 739.5 38 483 ori: 0 0 0
2025-01-27T06:28:08Z [AreaTriggerEvents] Created trigger TempleOutsideTop2 at 670 49.5 306 ori: 0 0 0
2025-01-27T06:28:08Z [AreaTriggerEvents] Created trigger TempleWolfTrap at 591 14.3 390 ori: 0 0 0
2025-01-27T06:28:08Z [AreaTriggerEvents] Created trigger TempleInside1 at 865 19.2 410 ori: 0 0 0
2025-01-27T06:28:08Z [AreaTriggerEvents] Created trigger TempleInside2 at 828 38 484 ori: 0 0 0
2025-01-27T06:28:08Z [AreaTriggerEvents] Created trigger TempleHammerTrigger at 366 54.3 868 ori: 0 0 0
2025-01-27T06:28:08Z [AreaTriggerEvents] Created trigger TemplePartB1 at 405 130 1517 ori: 0 0 0
2025-01-27T06:28:08Z [AreaTriggerEvents] Created trigger TemplePartB2 at 417 2.4 1591 ori: 0 0 0
2025-01-27T06:30:17Z [AreaTriggerEvents] Created trigger ArcticCrypt at 15621 231.4 14845 ori: 0 0 0
2025-01-27T06:30:17Z [AreaTriggerEvents] Created trigger ArcticCrypt2 at 15640 258.6 14828 ori: 0 0 0
2025-01-27T06:30:17Z [AreaTriggerEvents] Created trigger ArcticCrypt3 at 15642 208.9 14788 ori: 0 0 0
2025-01-27T06:30:17Z [AreaTriggerEvents] Created trigger KMUCMain at 7059 573.5 11620 ori: 0 0 0
2025-01-27T06:30:17Z [AreaTriggerEvents] Created trigger KMUCMainBottom at 7249 224.8 11617 ori: 0 0 0
2025-01-27T06:30:17Z [AreaTriggerEvents] Created trigger TempleBridgeJump at 371 49.6 526 ori: 0 0 0
2025-01-27T06:30:17Z [AreaTriggerEvents] Created trigger TempleOutsideTop1 at 739.5 38 483 ori: 0 0 0
2025-01-27T06:30:17Z [AreaTriggerEvents] Created trigger TempleOutsideTop2 at 670 49.5 306 ori: 0 0 0
2025-01-27T06:30:17Z [AreaTriggerEvents] Created trigger TempleWolfTrap at 591 14.3 390 ori: 0 0 0
2025-01-27T06:30:17Z [AreaTriggerEvents] Created trigger TempleInside1 at 865 19.2 410 ori: 0 0 0
2025-01-27T06:30:17Z [AreaTriggerEvents] Created trigger TempleInside2 at 828 38 484 ori: 0 0 0
2025-01-27T06:30:17Z [AreaTriggerEvents] Created trigger TempleHammerTrigger at 366 54.3 868 ori: 0 0 0
2025-01-27T06:30:17Z [AreaTriggerEvents] Created trigger TemplePartB1 at 405 130 1517 ori: 0 0 0
2025-01-27T06:30:17Z [AreaTriggerEvents] Created trigger TemplePartB2 at 417 2.4 1591 ori: 0 0 0
2025-01-27T06:34:48Z [AreaTriggerEvents] Created trigger ArcticCrypt at 15621 231.4 14845 ori: 0 0 0
2025-01-27T06:34:48Z [AreaTriggerEvents] Created trigger ArcticCrypt2 at 15640 258.6 14828 ori: 0 0 0
2025-01-27T06:34:48Z [AreaTriggerEvents] Created trigger ArcticCrypt3 at 15642 208.9 14788 ori: 0 0 0
2025-01-27T06:34:48Z [AreaTriggerEvents] Created trigger KMUCMain at 7059 573.5 11620 ori: 0 0 0
2025-01-27T06:34:48Z [AreaTriggerEvents] Created trigger KMUCMainBottom at 7249 224.8 11617 ori: 0 0 0
2025-01-27T06:34:48Z [AreaTriggerEvents] Created trigger TempleBridgeJump at 371 49.6 526 ori: 0 0 0
2025-01-27T06:34:48Z [AreaTriggerEvents] Created trigger TempleOutsideTop1 at 739.5 38 483 ori: 0 0 0
2025-01-27T06:34:48Z [AreaTriggerEvents] Created trigger TempleOutsideTop2 at 670 49.5 306 ori: 0 0 0
2025-01-27T06:34:48Z [AreaTriggerEvents] Created trigger TempleWolfTrap at 591 14.3 390 ori: 0 0 0
2025-01-27T06:34:48Z [AreaTriggerEvents] Created trigger TempleInside1 at 865 19.2 410 ori: 0 0 0
2025-01-27T06:34:48Z [AreaTriggerEvents] Created trigger TempleInside2 at 828 38 484 ori: 0 0 0
2025-01-27T06:34:48Z [AreaTriggerEvents] Created trigger TempleHammerTrigger at 366 54.3 868 ori: 0 0 0
2025-01-27T06:34:48Z [AreaTriggerEvents] Created trigger TemplePartB1 at 405 130 1517 ori: 0 0 0
2025-01-27T06:34:48Z [AreaTriggerEvents] Created trigger TemplePartB2 at 417 2.4 1591 ori: 0 0 0
2025-01-27T06:35:50Z [AreaTriggerEvents] Created trigger ArcticCrypt at 15621 231.4 14845 ori: 0 0 0
2025-01-27T06:35:50Z [AreaTriggerEvents] Created trigger ArcticCrypt2 at 15640 258.6 14828 ori: 0 0 0
2025-01-27T06:35:50Z [AreaTriggerEvents] Created trigger ArcticCrypt3 at 15642 208.9 14788 ori: 0 0 0
2025-01-27T06:35:50Z [AreaTriggerEvents] Created trigger KMUCMain at 7059 573.5 11620 ori: 0 0 0
2025-01-27T06:35:50Z [AreaTriggerEvents] Created trigger KMUCMainBottom at 7249 224.8 11617 ori: 0 0 0
2025-01-27T06:35:50Z [AreaTriggerEvents] Created trigger TempleBridgeJump at 371 49.6 526 ori: 0 0 0
2025-01-27T06:35:50Z [AreaTriggerEvents] Created trigger TempleOutsideTop1 at 739.5 38 483 ori: 0 0 0
2025-01-27T06:35:50Z [AreaTriggerEvents] Created trigger TempleOutsideTop2 at 670 49.5 306 ori: 0 0 0
2025-01-27T06:35:50Z [AreaTriggerEvents] Created trigger TempleWolfTrap at 591 14.3 390 ori: 0 0 0
2025-01-27T06:35:50Z [AreaTriggerEvents] Created trigger TempleInside1 at 865 19.2 410 ori: 0 0 0
2025-01-27T06:35:50Z [AreaTriggerEvents] Created trigger TempleInside2 at 828 38 484 ori: 0 0 0
2025-01-27T06:35:50Z [AreaTriggerEvents] Created trigger TempleHammerTrigger at 366 54.3 868 ori: 0 0 0
2025-01-27T06:35:50Z [AreaTriggerEvents] Created trigger TemplePartB1 at 405 130 1517 ori: 0 0 0
2025-01-27T06:35:50Z [AreaTriggerEvents] Created trigger TemplePartB2 at 417 2.4 1591 ori: 0 0 0
2025-01-27T06:39:09Z [AreaTriggerEvents] Created trigger ArcticCrypt at 15621 231.4 14845 ori: 0 0 0
2025-01-27T06:39:09Z [AreaTriggerEvents] Created trigger ArcticCrypt2 at 15640 258.6 14828 ori: 0 0 0
2025-01-27T06:39:09Z [AreaTriggerEvents] Created trigger ArcticCrypt3 at 15642 208.9 14788 ori: 0 0 0
2025-01-27T06:39:09Z [AreaTriggerEvents] Created trigger KMUCMain at 7059 573.5 11620 ori: 0 0 0
2025-01-27T06:39:09Z [AreaTriggerEvents] Created trigger KMUCMainBottom at 7249 224.8 11617 ori: 0 0 0
2025-01-27T06:39:09Z [AreaTriggerEvents] Created trigger TempleBridgeJump at 371 49.6 526 ori: 0 0 0
2025-01-27T06:39:09Z [AreaTriggerEvents] Created trigger TempleOutsideTop1 at 739.5 38 483 ori: 0 0 0
2025-01-27T06:39:09Z [AreaTriggerEvents] Created trigger TempleOutsideTop2 at 670 49.5 306 ori: 0 0 0
2025-01-27T06:39:09Z [AreaTriggerEvents] Created trigger TempleWolfTrap at 591 14.3 390 ori: 0 0 0
2025-01-27T06:39:09Z [AreaTriggerEvents] Created trigger TempleInside1 at 865 19.2 410 ori: 0 0 0
2025-01-27T06:39:09Z [AreaTriggerEvents] Created trigger TempleInside2 at 828 38 484 ori: 0 0 0
2025-01-27T06:39:09Z [AreaTriggerEvents] Created trigger TempleHammerTrigger at 366 54.3 868 ori: 0 0 0
2025-01-27T06:39:09Z [AreaTriggerEvents] Created trigger TemplePartB1 at 405 130 1517 ori: 0 0 0
2025-01-27T06:39:09Z [AreaTriggerEvents] Created trigger TemplePartB2 at 417 2.4 1591 ori: 0 0 0
2025-01-27T06:39:44Z [AreaTriggerEvents] Created trigger ArcticCrypt at 15621 231.4 14845 ori: 0 0 0
2025-01-27T06:39:44Z [AreaTriggerEvents] Created trigger ArcticCrypt2 at 15640 258.6 14828 ori: 0 0 0
2025-01-27T06:39:44Z [AreaTriggerEvents] Created trigger ArcticCrypt3 at 15642 208.9 14788 ori: 0 0 0
2025-01-27T06:39:44Z [AreaTriggerEvents] Created trigger KMUCMain at 7059 573.5 11620 ori: 0 0 0
2025-01-27T06:39:44Z [AreaTriggerEvents] Created trigger KMUCMainBottom at 7249 224.8 11617 ori: 0 0 0
2025-01-27T06:39:44Z [AreaTriggerEvents] Created trigger TempleBridgeJump at 371 49.6 526 ori: 0 0 0
2025-01-27T06:39:44Z [AreaTriggerEvents] Created trigger TempleOutsideTop1 at 739.5 38 483 ori: 0 0 0
2025-01-27T06:39:44Z [AreaTriggerEvents] Created trigger TempleOutsideTop2 at 670 49.5 306 ori: 0 0 0
2025-01-27T06:39:44Z [AreaTriggerEvents] Created trigger TempleWolfTrap at 591 14.3 390 ori: 0 0 0
2025-01-27T06:39:44Z [AreaTriggerEvents] Created trigger TempleInside1 at 865 19.2 410 ori: 0 0 0
2025-01-27T06:39:44Z [AreaTriggerEvents] Created trigger TempleInside2 at 828 38 484 ori: 0 0 0
2025-01-27T06:39:44Z [AreaTriggerEvents] Created trigger TempleHammerTrigger at 366 54.3 868 ori: 0 0 0
2025-01-27T06:39:44Z [AreaTriggerEvents] Created trigger TemplePartB1 at 405 130 1517 ori: 0 0 0
2025-01-27T06:39:44Z [AreaTriggerEvents] Created trigger TemplePartB2 at 417 2.4 1591 ori: 0 0 0
2025-01-27T06:49:18Z [AreaTriggerEvents] Created trigger ArcticCrypt at 15621 231.4 14845 ori: 0 0 0
2025-01-27T06:49:18Z [AreaTriggerEvents] Created trigger ArcticCrypt2 at 15640 258.6 14828 ori: 0 0 0
2025-01-27T06:49:18Z [AreaTriggerEvents] Created trigger ArcticCrypt3 at 15642 208.9 14788 ori: 0 0 0
2025-01-27T06:49:18Z [AreaTriggerEvents] Created trigger KMUCMain at 7059 573.5 11620 ori: 0 0 0
2025-01-27T06:49:18Z [AreaTriggerEvents] Created trigger KMUCMainBottom at 7249 224.8 11617 ori: 0 0 0
2025-01-27T06:49:18Z [AreaTriggerEvents] Created trigger TempleBridgeJump at 371 49.6 526 ori: 0 0 0
2025-01-27T06:49:18Z [AreaTriggerEvents] Created trigger TempleOutsideTop1 at 739.5 38 483 ori: 0 0 0
2025-01-27T06:49:18Z [AreaTriggerEvents] Created trigger TempleOutsideTop2 at 670 49.5 306 ori: 0 0 0
2025-01-27T06:49:18Z [AreaTriggerEvents] Created trigger TempleWolfTrap at 591 14.3 390 ori: 0 0 0
2025-01-27T06:49:18Z [AreaTriggerEvents] Created trigger TempleInside1 at 865 19.2 410 ori: 0 0 0
2025-01-27T06:49:18Z [AreaTriggerEvents] Created trigger TempleInside2 at 828 38 484 ori: 0 0 0
2025-01-27T06:49:18Z [AreaTriggerEvents] Created trigger TempleHammerTrigger at 366 54.3 868 ori: 0 0 0
2025-01-27T06:49:18Z [AreaTriggerEvents] Created trigger TemplePartB1 at 405 130 1517 ori: 0 0 0
2025-01-27T06:49:18Z [AreaTriggerEvents] Created trigger TemplePartB2 at 417 2.4 1591 ori: 0 0 0
2025-01-27T07:11:31Z [AreaTriggerEvents] Created trigger ArcticCrypt at 15621 231.4 14845 ori: 0 0 0
2025-01-27T07:11:31Z [AreaTriggerEvents] Created trigger ArcticCrypt2 at 15640 258.6 14828 ori: 0 0 0
2025-01-27T07:11:31Z [AreaTriggerEvents] Created trigger ArcticCrypt3 at 15642 208.9 14788 ori: 0 0 0
2025-01-27T07:11:31Z [AreaTriggerEvents] Created trigger KMUCMain at 7059 573.5 11620 ori: 0 0 0
2025-01-27T07:11:31Z [AreaTriggerEvents] Created trigger KMUCMainBottom at 7249 224.8 11617 ori: 0 0 0
2025-01-27T07:11:31Z [AreaTriggerEvents] Created trigger TempleBridgeJump at 371 49.6 526 ori: 0 0 0
2025-01-27T07:11:31Z [AreaTriggerEvents] Created trigger TempleOutsideTop1 at 739.5 38 483 ori: 0 0 0
2025-01-27T07:11:31Z [AreaTriggerEvents] Created trigger TempleOutsideTop2 at 670 49.5 306 ori: 0 0 0
2025-01-27T07:11:31Z [AreaTriggerEvents] Created trigger TempleWolfTrap at 591 14.3 390 ori: 0 0 0
2025-01-27T07:11:31Z [AreaTriggerEvents] Created trigger TempleInside1 at 865 19.2 410 ori: 0 0 0
2025-01-27T07:11:31Z [AreaTriggerEvents] Created trigger TempleInside2 at 828 38 484 ori: 0 0 0
2025-01-27T07:11:31Z [AreaTriggerEvents] Created trigger TempleHammerTrigger at 366 54.3 868 ori: 0 0 0
2025-01-27T07:11:31Z [AreaTriggerEvents] Created trigger TemplePartB1 at 405 130 1517 ori: 0 0 0
2025-01-27T07:11:31Z [AreaTriggerEvents] Created trigger TemplePartB2 at 417 2.4 1591 ori: 0 0 0
2025-01-31T21:44:42Z [AreaTriggerEvents] Created trigger ArcticCrypt at 15621 231.4 14845 ori: 0 0 0
2025-01-31T21:44:42Z [AreaTriggerEvents] Created trigger ArcticCrypt2 at 15640 258.6 14828 ori: 0 0 0
2025-01-31T21:44:42Z [AreaTriggerEvents] Created trigger ArcticCrypt3 at 15642 208.9 14788 ori: 0 0 0
2025-01-31T21:44:42Z [AreaTriggerEvents] Created trigger KMUCMain at 7059 573.5 11620 ori: 0 0 0
2025-01-31T21:44:42Z [AreaTriggerEvents] Created trigger KMUCMainBottom at 7249 224.8 11617 ori: 0 0 0
2025-01-31T21:44:42Z [AreaTriggerEvents] Created trigger TempleBridgeJump at 371 49.6 526 ori: 0 0 0
2025-01-31T21:44:42Z [AreaTriggerEvents] Created trigger TempleOutsideTop1 at 739.5 38 483 ori: 0 0 0
2025-01-31T21:44:42Z [AreaTriggerEvents] Created trigger TempleOutsideTop2 at 670 49.5 306 ori: 0 0 0
2025-01-31T21:44:42Z [AreaTriggerEvents] Created trigger TempleWolfTrap at 591 14.3 390 ori: 0 0 0
2025-01-31T21:44:42Z [AreaTriggerEvents] Created trigger TempleInside1 at 865 19.2 410 ori: 0 0 0
2025-01-31T21:44:42Z [AreaTriggerEvents] Created trigger TempleInside2 at 828 38 484 ori: 0 0 0
2025-01-31T21:44:42Z [AreaTriggerEvents] Created trigger TempleHammerTrigger at 366 54.3 868 ori: 0 0 0
2025-01-31T21:44:42Z [AreaTriggerEvents] Created trigger TemplePartB1 at 405 130 1517 ori: 0 0 0
2025-01-31T21:44:42Z [AreaTriggerEvents] Created trigger TemplePartB2 at 417 2.4 1591 ori: 0 0 0
2025-02-02T02:10:28Z [AreaTriggerEvents] Created trigger ArcticCrypt at 15621 231.4 14845 ori: 0 0 0
2025-02-02T02:10:28Z [AreaTriggerEvents] Created trigger ArcticCrypt2 at 15640 258.6 14828 ori: 0 0 0
2025-02-02T02:10:28Z [AreaTriggerEvents] Created trigger ArcticCrypt3 at 15642 208.9 14788 ori: 0 0 0
2025-02-02T02:10:28Z [AreaTriggerEvents] Created trigger KMUCMain at 7059 573.5 11620 ori: 0 0 0
2025-02-02T02:10:28Z [AreaTriggerEvents] Created trigger KMUCMainBottom at 7249 224.8 11617 ori: 0 0 0
2025-02-02T02:10:28Z [AreaTriggerEvents] Created trigger TempleBridgeJump at 371 49.6 526 ori: 0 0 0
2025-02-02T02:10:28Z [AreaTriggerEvents] Created trigger TempleOutsideTop1 at 739.5 38 483 ori: 0 0 0
2025-02-02T02:10:28Z [AreaTriggerEvents] Created trigger TempleOutsideTop2 at 670 49.5 306 ori: 0 0 0
2025-02-02T02:10:28Z [AreaTriggerEvents] Created trigger TempleWolfTrap at 591 14.3 390 ori: 0 0 0
2025-02-02T02:10:28Z [AreaTriggerEvents] Created trigger TempleInside1 at 865 19.2 410 ori: 0 0 0
2025-02-02T02:10:28Z [AreaTriggerEvents] Created trigger TempleInside2 at 828 38 484 ori: 0 0 0
2025-02-02T02:10:28Z [AreaTriggerEvents] Created trigger TempleHammerTrigger at 366 54.3 868 ori: 0 0 0
2025-02-02T02:10:28Z [AreaTriggerEvents] Created trigger TemplePartB1 at 405 130 1517 ori: 0 0 0
2025-02-02T02:10:28Z [AreaTriggerEvents] Created trigger TemplePartB2 at 417 2.4 1591 ori: 0 0 0
2025-02-02T04:07:13Z [AreaTriggerEvents] Created trigger ArcticCrypt at 15621 231.4 14845 ori: 0 0 0
2025-02-02T04:07:13Z [AreaTriggerEvents] Created trigger ArcticCrypt2 at 15640 258.6 14828 ori: 0 0 0
2025-02-02T04:07:13Z [AreaTriggerEvents] Created trigger ArcticCrypt3 at 15642 208.9 14788 ori: 0 0 0
2025-02-02T04:07:13Z [AreaTriggerEvents] Created trigger KMUCMain at 7059 573.5 11620 ori: 0 0 0
2025-02-02T04:07:13Z [AreaTriggerEvents] Created trigger KMUCMainBottom at 7249 224.8 11617 ori: 0 0 0
2025-02-02T04:07:13Z [AreaTriggerEvents] Created trigger TempleBridgeJump at 371 49.6 526 ori: 0 0 0
2025-02-02T04:07:13Z [AreaTriggerEvents] Created trigger TempleOutsideTop1 at 739.5 38 483 ori: 0 0 0
2025-02-02T04:07:13Z [AreaTriggerEvents] Created trigger TempleOutsideTop2 at 670 49.5 306 ori: 0 0 0
2025-02-02T04:07:13Z [AreaTriggerEvents] Created trigger TempleWolfTrap at 591 14.3 390 ori: 0 0 0
2025-02-02T04:07:13Z [AreaTriggerEvents] Created trigger TempleInside1 at 865 19.2 410 ori: 0 0 0
2025-02-02T04:07:13Z [AreaTriggerEvents] Created trigger TempleInside2 at 828 38 484 ori: 0 0 0
2025-02-02T04:07:13Z [AreaTriggerEvents] Created trigger TempleHammerTrigger at 366 54.3 868 ori: 0 0 0
2025-02-02T04:07:13Z [AreaTriggerEvents] Created trigger TemplePartB1 at 405 130 1517 ori: 0 0 0
2025-02-02T04:07:13Z [AreaTriggerEvents] Created trigger TemplePartB2 at 417 2.4 1591 ori: 0 0 0
2025-02-02T09:37:26Z [AreaTriggerEvents] Created trigger ArcticCrypt at 15621 231.4 14845 ori: 0 0 0
2025-02-02T09:37:26Z [AreaTriggerEvents] Created trigger ArcticCrypt2 at 15640 258.6 14828 ori: 0 0 0
2025-02-02T09:37:26Z [AreaTriggerEvents] Created trigger ArcticCrypt3 at 15642 208.9 14788 ori: 0 0 0
2025-02-02T09:37:26Z [AreaTriggerEvents] Created trigger KMUCMain at 7059 573.5 11620 ori: 0 0 0
2025-02-02T09:37:26Z [AreaTriggerEvents] Created trigger KMUCMainBottom at 7249 224.8 11617 ori: 0 0 0
2025-02-02T09:37:26Z [AreaTriggerEvents] Created trigger TempleBridgeJump at 371 49.6 526 ori: 0 0 0
2025-02-02T09:37:26Z [AreaTriggerEvents] Created trigger TempleOutsideTop1 at 739.5 38 483 ori: 0 0 0
2025-02-02T09:37:26Z [AreaTriggerEvents] Created trigger TempleOutsideTop2 at 670 49.5 306 ori: 0 0 0
2025-02-02T09:37:26Z [AreaTriggerEvents] Created trigger TempleWolfTrap at 591 14.3 390 ori: 0 0 0
2025-02-02T09:37:26Z [AreaTriggerEvents] Created trigger TempleInside1 at 865 19.2 410 ori: 0 0 0
2025-02-02T09:37:26Z [AreaTriggerEvents] Created trigger TempleInside2 at 828 38 484 ori: 0 0 0
2025-02-02T09:37:26Z [AreaTriggerEvents] Created trigger TempleHammerTrigger at 366 54.3 868 ori: 0 0 0
2025-02-02T09:37:26Z [AreaTriggerEvents] Created trigger TemplePartB1 at 405 130 1517 ori: 0 0 0
2025-02-02T09:37:26Z [AreaTriggerEvents] Created trigger TemplePartB2 at 417 2.4 1591 ori: 0 0 0
2025-02-02T23:17:16Z [AreaTriggerEvents] Created trigger ArcticCrypt at 15621 231.4 14845 ori: 0 0 0
2025-02-02T23:17:16Z [AreaTriggerEvents] Created trigger ArcticCrypt2 at 15640 258.6 14828 ori: 0 0 0
2025-02-02T23:17:16Z [AreaTriggerEvents] Created trigger ArcticCrypt3 at 15642 208.9 14788 ori: 0 0 0
2025-02-02T23:17:16Z [AreaTriggerEvents] Created trigger KMUCMain at 7059 573.5 11620 ori: 0 0 0
2025-02-02T23:17:16Z [AreaTriggerEvents] Created trigger KMUCMainBottom at 7249 224.8 11617 ori: 0 0 0
2025-02-02T23:17:16Z [AreaTriggerEvents] Created trigger TempleBridgeJump at 371 49.6 526 ori: 0 0 0
2025-02-02T23:17:16Z [AreaTriggerEvents] Created trigger TempleOutsideTop1 at 739.5 38 483 ori: 0 0 0
2025-02-02T23:17:16Z [AreaTriggerEvents] Created trigger TempleOutsideTop2 at 670 49.5 306 ori: 0 0 0
2025-02-02T23:17:16Z [AreaTriggerEvents] Created trigger TempleWolfTrap at 591 14.3 390 ori: 0 0 0
2025-02-02T23:17:16Z [AreaTriggerEvents] Created trigger TempleInside1 at 865 19.2 410 ori: 0 0 0
2025-02-02T23:17:16Z [AreaTriggerEvents] Created trigger TempleInside2 at 828 38 484 ori: 0 0 0
2025-02-02T23:17:16Z [AreaTriggerEvents] Created trigger TempleHammerTrigger at 366 54.3 868 ori: 0 0 0
2025-02-02T23:17:16Z [AreaTriggerEvents] Created trigger TemplePartB1 at 405 130 1517 ori: 0 0 0
2025-02-02T23:17:16Z [AreaTriggerEvents] Created trigger TemplePartB2 at 417 2.4 1591 ori: 0 0 0
2025-02-03T00:03:51Z [AreaTriggerEvents] Created trigger ArcticCrypt at 15621 231.4 14845 ori: 0 0 0
2025-02-03T00:03:51Z [AreaTriggerEvents] Created trigger ArcticCrypt2 at 15640 258.6 14828 ori: 0 0 0
2025-02-03T00:03:51Z [AreaTriggerEvents] Created trigger ArcticCrypt3 at 15642 208.9 14788 ori: 0 0 0
2025-02-03T00:03:51Z [AreaTriggerEvents] Created trigger KMUCMain at 7059 573.5 11620 ori: 0 0 0
2025-02-03T00:03:51Z [AreaTriggerEvents] Created trigger KMUCMainBottom at 7249 224.8 11617 ori: 0 0 0
2025-02-03T00:03:51Z [AreaTriggerEvents] Created trigger TempleBridgeJump at 371 49.6 526 ori: 0 0 0
2025-02-03T00:03:51Z [AreaTriggerEvents] Created trigger TempleOutsideTop1 at 739.5 38 483 ori: 0 0 0
2025-02-03T00:03:51Z [AreaTriggerEvents] Created trigger TempleOutsideTop2 at 670 49.5 306 ori: 0 0 0
2025-02-03T00:03:51Z [AreaTriggerEvents] Created trigger TempleWolfTrap at 591 14.3 390 ori: 0 0 0
2025-02-03T00:03:51Z [AreaTriggerEvents] Created trigger TempleInside1 at 865 19.2 410 ori: 0 0 0
2025-02-03T00:03:51Z [AreaTriggerEvents] Created trigger TempleInside2 at 828 38 484 ori: 0 0 0
2025-02-03T00:03:51Z [AreaTriggerEvents] Created trigger TempleHammerTrigger at 366 54.3 868 ori: 0 0 0
2025-02-03T00:03:51Z [AreaTriggerEvents] Created trigger TemplePartB1 at 405 130 1517 ori: 0 0 0
2025-02-03T00:03:51Z [AreaTriggerEvents] Created trigger TemplePartB2 at 417 2.4 1591 ori: 0 0 0
2025-02-03T21:10:46Z [AreaTriggerEvents] Created trigger ArcticCrypt at 15621 231.4 14845 ori: 0 0 0
2025-02-03T21:10:46Z [AreaTriggerEvents] Created trigger ArcticCrypt2 at 15640 258.6 14828 ori: 0 0 0
2025-02-03T21:10:46Z [AreaTriggerEvents] Created trigger ArcticCrypt3 at 15642 208.9 14788 ori: 0 0 0
2025-02-03T21:10:46Z [AreaTriggerEvents] Created trigger KMUCMain at 7059 573.5 11620 ori: 0 0 0
2025-02-03T21:10:46Z [AreaTriggerEvents] Created trigger KMUCMainBottom at 7249 224.8 11617 ori: 0 0 0
2025-02-03T21:10:46Z [AreaTriggerEvents] Created trigger TempleBridgeJump at 371 49.6 526 ori: 0 0 0
2025-02-03T21:10:46Z [AreaTriggerEvents] Created trigger TempleOutsideTop1 at 739.5 38 483 ori: 0 0 0
2025-02-03T21:10:46Z [AreaTriggerEvents] Created trigger TempleOutsideTop2 at 670 49.5 306 ori: 0 0 0
2025-02-03T21:10:46Z [AreaTriggerEvents] Created trigger TempleWolfTrap at 591 14.3 390 ori: 0 0 0
2025-02-03T21:10:46Z [AreaTriggerEvents] Created trigger TempleInside1 at 865 19.2 410 ori: 0 0 0
2025-02-03T21:10:46Z [AreaTriggerEvents] Created trigger TempleInside2 at 828 38 484 ori: 0 0 0
2025-02-03T21:10:46Z [AreaTriggerEvents] Created trigger TempleHammerTrigger at 366 54.3 868 ori: 0 0 0
2025-02-03T21:10:46Z [AreaTriggerEvents] Created trigger TemplePartB1 at 405 130 1517 ori: 0 0 0
2025-02-03T21:10:46Z [AreaTriggerEvents] Created trigger TemplePartB2 at 417 2.4 1591 ori: 0 0 0
2025-02-03T21:12:22Z [AreaTriggerEvents] Created trigger ArcticCrypt at 15621 231.4 14845 ori: 0 0 0
2025-02-03T21:12:22Z [AreaTriggerEvents] Created trigger ArcticCrypt2 at 15640 258.6 14828 ori: 0 0 0
2025-02-03T21:12:22Z [AreaTriggerEvents] Created trigger ArcticCrypt3 at 15642 208.9 14788 ori: 0 0 0
2025-02-03T21:12:22Z [AreaTriggerEvents] Created trigger KMUCMain at 7059 573.5 11620 ori: 0 0 0
2025-02-03T21:12:22Z [AreaTriggerEvents] Created trigger KMUCMainBottom at 7249 224.8 11617 ori: 0 0 0
2025-02-03T21:12:22Z [AreaTriggerEvents] Created trigger TempleBridgeJump at 371 49.6 526 ori: 0 0 0
2025-02-03T21:12:22Z [AreaTriggerEvents] Created trigger TempleOutsideTop1 at 739.5 38 483 ori: 0 0 0
2025-02-03T21:12:22Z [AreaTriggerEvents] Created trigger TempleOutsideTop2 at 670 49.5 306 ori: 0 0 0
2025-02-03T21:12:22Z [AreaTriggerEvents] Created trigger TempleWolfTrap at 591 14.3 390 ori: 0 0 0
2025-02-03T21:12:22Z [AreaTriggerEvents] Created trigger TempleInside1 at 865 19.2 410 ori: 0 0 0
2025-02-03T21:12:22Z [AreaTriggerEvents] Created trigger TempleInside2 at 828 38 484 ori: 0 0 0
2025-02-03T21:12:22Z [AreaTriggerEvents] Created trigger TempleHammerTrigger at 366 54.3 868 ori: 0 0 0
2025-02-03T21:12:22Z [AreaTriggerEvents] Created trigger TemplePartB1 at 405 130 1517 ori: 0 0 0
2025-02-03T21:12:22Z [AreaTriggerEvents] Created trigger TemplePartB2 at 417 2.4 1591 ori: 0 0 0
2025-02-04T03:19:05Z [AreaTriggerEvents] Created trigger ArcticCrypt at 15621 231.4 14845 ori: 0 0 0
2025-02-04T03:19:05Z [AreaTriggerEvents] Created trigger ArcticCrypt2 at 15640 258.6 14828 ori: 0 0 0
2025-02-04T03:19:05Z [AreaTriggerEvents] Created trigger ArcticCrypt3 at 15642 208.9 14788 ori: 0 0 0
2025-02-04T03:19:05Z [AreaTriggerEvents] Created trigger KMUCMain at 7059 573.5 11620 ori: 0 0 0
2025-02-04T03:19:05Z [AreaTriggerEvents] Created trigger KMUCMainBottom at 7249 224.8 11617 ori: 0 0 0
2025-02-04T03:19:05Z [AreaTriggerEvents] Created trigger TempleBridgeJump at 371 49.6 526 ori: 0 0 0
2025-02-04T03:19:05Z [AreaTriggerEvents] Created trigger TempleOutsideTop1 at 739.5 38 483 ori: 0 0 0
2025-02-04T03:19:05Z [AreaTriggerEvents] Created trigger TempleOutsideTop2 at 670 49.5 306 ori: 0 0 0
2025-02-04T03:19:05Z [AreaTriggerEvents] Created trigger TempleWolfTrap at 591 14.3 390 ori: 0 0 0
2025-02-04T03:19:05Z [AreaTriggerEvents] Created trigger TempleInside1 at 865 19.2 410 ori: 0 0 0
2025-02-04T03:19:05Z [AreaTriggerEvents] Created trigger TempleInside2 at 828 38 484 ori: 0 0 0
2025-02-04T03:19:05Z [AreaTriggerEvents] Created trigger TempleHammerTrigger at 366 54.3 868 ori: 0 0 0
2025-02-04T03:19:05Z [AreaTriggerEvents] Created trigger TemplePartB1 at 405 130 1517 ori: 0 0 0
2025-02-04T03:19:05Z [AreaTriggerEvents] Created trigger TemplePartB2 at 417 2.4 1591 ori: 0 0 0
2025-02-04T20:26:00Z [AreaTriggerEvents] Created trigger ArcticCrypt at 15621 231.4 14845 ori: 0 0 0
2025-02-04T20:26:00Z [AreaTriggerEvents] Created trigger ArcticCrypt2 at 15640 258.6 14828 ori: 0 0 0
2025-02-04T20:26:00Z [AreaTriggerEvents] Created trigger ArcticCrypt3 at 15642 208.9 14788 ori: 0 0 0
2025-02-04T20:26:00Z [AreaTriggerEvents] Created trigger KMUCMain at 7059 573.5 11620 ori: 0 0 0
2025-02-04T20:26:00Z [AreaTriggerEvents] Created trigger KMUCMainBottom at 7249 224.8 11617 ori: 0 0 0
2025-02-04T20:26:00Z [AreaTriggerEvents] Created trigger TempleBridgeJump at 371 49.6 526 ori: 0 0 0
2025-02-04T20:26:00Z [AreaTriggerEvents] Created trigger TempleOutsideTop1 at 739.5 38 483 ori: 0 0 0
2025-02-04T20:26:00Z [AreaTriggerEvents] Created trigger TempleOutsideTop2 at 670 49.5 306 ori: 0 0 0
2025-02-04T20:26:00Z [AreaTriggerEvents] Created trigger TempleWolfTrap at 591 14.3 390 ori: 0 0 0
2025-02-04T20:26:00Z [AreaTriggerEvents] Created trigger TempleInside1 at 865 19.2 410 ori: 0 0 0
2025-02-04T20:26:00Z [AreaTriggerEvents] Created trigger TempleInside2 at 828 38 484 ori: 0 0 0
2025-02-04T20:26:00Z [AreaTriggerEvents] Created trigger TempleHammerTrigger at 366 54.3 868 ori: 0 0 0
2025-02-04T20:26:00Z [AreaTriggerEvents] Created trigger TemplePartB1 at 405 130 1517 ori: 0 0 0
2025-02-04T20:26:00Z [AreaTriggerEvents] Created trigger TemplePartB2 at 417 2.4 1591 ori: 0 0 0
2025-02-06T00:11:28Z [AreaTriggerEvents] Created trigger ArcticCrypt at 15621 231.4 14845 ori: 0 0 0
2025-02-06T00:11:28Z [AreaTriggerEvents] Created trigger ArcticCrypt2 at 15640 258.6 14828 ori: 0 0 0
2025-02-06T00:11:28Z [AreaTriggerEvents] Created trigger ArcticCrypt3 at 15642 208.9 14788 ori: 0 0 0
2025-02-06T00:11:28Z [AreaTriggerEvents] Created trigger KMUCMain at 7059 573.5 11620 ori: 0 0 0
2025-02-06T00:11:28Z [AreaTriggerEvents] Created trigger KMUCMainBottom at 7249 224.8 11617 ori: 0 0 0
2025-02-06T00:11:28Z [AreaTriggerEvents] Created trigger TempleBridgeJump at 371 49.6 526 ori: 0 0 0
2025-02-06T00:11:28Z [AreaTriggerEvents] Created trigger TempleOutsideTop1 at 739.5 38 483 ori: 0 0 0
2025-02-06T00:11:28Z [AreaTriggerEvents] Created trigger TempleOutsideTop2 at 670 49.5 306 ori: 0 0 0
2025-02-06T00:11:28Z [AreaTriggerEvents] Created trigger TempleWolfTrap at 591 14.3 390 ori: 0 0 0
2025-02-06T00:11:28Z [AreaTriggerEvents] Created trigger TempleInside1 at 865 19.2 410 ori: 0 0 0
2025-02-06T00:11:28Z [AreaTriggerEvents] Created trigger TempleInside2 at 828 38 484 ori: 0 0 0
2025-02-06T00:11:28Z [AreaTriggerEvents] Created trigger TempleHammerTrigger at 366 54.3 868 ori: 0 0 0
2025-02-06T00:11:28Z [AreaTriggerEvents] Created trigger TemplePartB1 at 405 130 1517 ori: 0 0 0
2025-02-06T00:11:28Z [AreaTriggerEvents] Created trigger TemplePartB2 at 417 2.4 1591 ori: 0 0 0
2025-02-06T17:26:55Z [AreaTriggerEvents] Created trigger ArcticCrypt at 15621 231.4 14845 ori: 0 0 0
2025-02-06T17:26:55Z [AreaTriggerEvents] Created trigger ArcticCrypt2 at 15640 258.6 14828 ori: 0 0 0
2025-02-06T17:26:55Z [AreaTriggerEvents] Created trigger ArcticCrypt3 at 15642 208.9 14788 ori: 0 0 0
2025-02-06T17:26:55Z [AreaTriggerEvents] Created trigger KMUCMain at 7059 573.5 11620 ori: 0 0 0
2025-02-06T17:26:55Z [AreaTriggerEvents] Created trigger KMUCMainBottom at 7249 224.8 11617 ori: 0 0 0
2025-02-06T17:26:55Z [AreaTriggerEvents] Created trigger TempleBridgeJump at 371 49.6 526 ori: 0 0 0
2025-02-06T17:26:55Z [AreaTriggerEvents] Created trigger TempleOutsideTop1 at 739.5 38 483 ori: 0 0 0
2025-02-06T17:26:55Z [AreaTriggerEvents] Created trigger TempleOutsideTop2 at 670 49.5 306 ori: 0 0 0
2025-02-06T17:26:55Z [AreaTriggerEvents] Created trigger TempleWolfTrap at 591 14.3 390 ori: 0 0 0
2025-02-06T17:26:55Z [AreaTriggerEvents] Created trigger TempleInside1 at 865 19.2 410 ori: 0 0 0
2025-02-06T17:26:55Z [AreaTriggerEvents] Created trigger TempleInside2 at 828 38 484 ori: 0 0 0
2025-02-06T17:26:55Z [AreaTriggerEvents] Created trigger TempleHammerTrigger at 366 54.3 868 ori: 0 0 0
2025-02-06T17:26:55Z [AreaTriggerEvents] Created trigger TemplePartB1 at 405 130 1517 ori: 0 0 0
2025-02-06T17:26:55Z [AreaTriggerEvents] Created trigger TemplePartB2 at 417 2.4 1591 ori: 0 0 0
2025-02-07T17:55:34Z [AreaTriggerEvents] Created trigger ArcticCrypt at 15621 231.4 14845 ori: 0 0 0
2025-02-07T17:55:34Z [AreaTriggerEvents] Created trigger ArcticCrypt2 at 15640 258.6 14828 ori: 0 0 0
2025-02-07T17:55:34Z [AreaTriggerEvents] Created trigger ArcticCrypt3 at 15642 208.9 14788 ori: 0 0 0
2025-02-07T17:55:34Z [AreaTriggerEvents] Created trigger KMUCMain at 7059 573.5 11620 ori: 0 0 0
2025-02-07T17:55:34Z [AreaTriggerEvents] Created trigger KMUCMainBottom at 7249 224.8 11617 ori: 0 0 0
2025-02-07T17:55:34Z [AreaTriggerEvents] Created trigger TempleBridgeJump at 371 49.6 526 ori: 0 0 0
2025-02-07T17:55:34Z [AreaTriggerEvents] Created trigger TempleOutsideTop1 at 739.5 38 483 ori: 0 0 0
2025-02-07T17:55:34Z [AreaTriggerEvents] Created trigger TempleOutsideTop2 at 670 49.5 306 ori: 0 0 0
2025-02-07T17:55:34Z [AreaTriggerEvents] Created trigger TempleWolfTrap at 591 14.3 390 ori: 0 0 0
2025-02-07T17:55:34Z [AreaTriggerEvents] Created trigger TempleInside1 at 865 19.2 410 ori: 0 0 0
2025-02-07T17:55:34Z [AreaTriggerEvents] Created trigger TempleInside2 at 828 38 484 ori: 0 0 0
2025-02-07T17:55:34Z [AreaTriggerEvents] Created trigger TempleHammerTrigger at 366 54.3 868 ori: 0 0 0
2025-02-07T17:55:34Z [AreaTriggerEvents] Created trigger TemplePartB1 at 405 130 1517 ori: 0 0 0
2025-02-07T17:55:34Z [AreaTriggerEvents] Created trigger TemplePartB2 at 417 2.4 1591 ori: 0 0 0
2025-02-08T06:16:39Z [AreaTriggerEvents] Created trigger ArcticCrypt at 15621 231.4 14845 ori: 0 0 0
2025-02-08T06:16:39Z [AreaTriggerEvents] Created trigger ArcticCrypt2 at 15640 258.6 14828 ori: 0 0 0
2025-02-08T06:16:39Z [AreaTriggerEvents] Created trigger ArcticCrypt3 at 15642 208.9 14788 ori: 0 0 0
2025-02-08T06:16:39Z [AreaTriggerEvents] Created trigger KMUCMain at 7059 573.5 11620 ori: 0 0 0
2025-02-08T06:16:39Z [AreaTriggerEvents] Created trigger KMUCMainBottom at 7249 224.8 11617 ori: 0 0 0
2025-02-08T06:16:39Z [AreaTriggerEvents] Created trigger TempleBridgeJump at 371 49.6 526 ori: 0 0 0
2025-02-08T06:16:39Z [AreaTriggerEvents] Created trigger TempleOutsideTop1 at 739.5 38 483 ori: 0 0 0
2025-02-08T06:16:39Z [AreaTriggerEvents] Created trigger TempleOutsideTop2 at 670 49.5 306 ori: 0 0 0
2025-02-08T06:16:39Z [AreaTriggerEvents] Created trigger TempleWolfTrap at 591 14.3 390 ori: 0 0 0
2025-02-08T06:16:39Z [AreaTriggerEvents] Created trigger TempleInside1 at 865 19.2 410 ori: 0 0 0
2025-02-08T06:16:39Z [AreaTriggerEvents] Created trigger TempleInside2 at 828 38 484 ori: 0 0 0
2025-02-08T06:16:39Z [AreaTriggerEvents] Created trigger TempleHammerTrigger at 366 54.3 868 ori: 0 0 0
2025-02-08T06:16:39Z [AreaTriggerEvents] Created trigger TemplePartB1 at 405 130 1517 ori: 0 0 0
2025-02-08T06:16:39Z [AreaTriggerEvents] Created trigger TemplePartB2 at 417 2.4 1591 ori: 0 0 0
2025-02-08T06:27:17Z [AreaTriggerEvents] Created trigger ArcticCrypt at 15621 231.4 14845 ori: 0 0 0
2025-02-08T06:27:17Z [AreaTriggerEvents] Created trigger ArcticCrypt2 at 15640 258.6 14828 ori: 0 0 0
2025-02-08T06:27:17Z [AreaTriggerEvents] Created trigger ArcticCrypt3 at 15642 208.9 14788 ori: 0 0 0
2025-02-08T06:27:17Z [AreaTriggerEvents] Created trigger KMUCMain at 7059 573.5 11620 ori: 0 0 0
2025-02-08T06:27:17Z [AreaTriggerEvents] Created trigger KMUCMainBottom at 7249 224.8 11617 ori: 0 0 0
2025-02-08T06:27:17Z [AreaTriggerEvents] Created trigger TempleBridgeJump at 371 49.6 526 ori: 0 0 0
2025-02-08T06:27:17Z [AreaTriggerEvents] Created trigger TempleOutsideTop1 at 739.5 38 483 ori: 0 0 0
2025-02-08T06:27:17Z [AreaTriggerEvents] Created trigger TempleOutsideTop2 at 670 49.5 306 ori: 0 0 0
2025-02-08T06:27:17Z [AreaTriggerEvents] Created trigger TempleWolfTrap at 591 14.3 390 ori: 0 0 0
2025-02-08T06:27:17Z [AreaTriggerEvents] Created trigger TempleInside1 at 865 19.2 410 ori: 0 0 0
2025-02-08T06:27:17Z [AreaTriggerEvents] Created trigger TempleInside2 at 828 38 484 ori: 0 0 0
2025-02-08T06:27:17Z [AreaTriggerEvents] Created trigger TempleHammerTrigger at 366 54.3 868 ori: 0 0 0
2025-02-08T06:27:17Z [AreaTriggerEvents] Created trigger TemplePartB1 at 405 130 1517 ori: 0 0 0
2025-02-08T06:27:17Z [AreaTriggerEvents] Created trigger TemplePartB2 at 417 2.4 1591 ori: 0 0 0
2025-02-08T06:31:00Z [AreaTriggerEvents] Created trigger ArcticCrypt at 15621 231.4 14845 ori: 0 0 0
2025-02-08T06:31:00Z [AreaTriggerEvents] Created trigger ArcticCrypt2 at 15640 258.6 14828 ori: 0 0 0
2025-02-08T06:31:00Z [AreaTriggerEvents] Created trigger ArcticCrypt3 at 15642 208.9 14788 ori: 0 0 0
2025-02-08T06:31:00Z [AreaTriggerEvents] Created trigger KMUCMain at 7059 573.5 11620 ori: 0 0 0
2025-02-08T06:31:00Z [AreaTriggerEvents] Created trigger KMUCMainBottom at 7249 224.8 11617 ori: 0 0 0
2025-02-08T06:31:00Z [AreaTriggerEvents] Created trigger TempleBridgeJump at 371 49.6 526 ori: 0 0 0
2025-02-08T06:31:00Z [AreaTriggerEvents] Created trigger TempleOutsideTop1 at 739.5 38 483 ori: 0 0 0
2025-02-08T06:31:00Z [AreaTriggerEvents] Created trigger TempleOutsideTop2 at 670 49.5 306 ori: 0 0 0
2025-02-08T06:31:00Z [AreaTriggerEvents] Created trigger TempleWolfTrap at 591 14.3 390 ori: 0 0 0
2025-02-08T06:31:00Z [AreaTriggerEvents] Created trigger TempleInside1 at 865 19.2 410 ori: 0 0 0
2025-02-08T06:31:00Z [AreaTriggerEvents] Created trigger TempleInside2 at 828 38 484 ori: 0 0 0
2025-02-08T06:31:00Z [AreaTriggerEvents] Created trigger TempleHammerTrigger at 366 54.3 868 ori: 0 0 0
2025-02-08T06:31:00Z [AreaTriggerEvents] Created trigger TemplePartB1 at 405 130 1517 ori: 0 0 0
2025-02-08T06:31:00Z [AreaTriggerEvents] Created trigger TemplePartB2 at 417 2.4 1591 ori: 0 0 0
2025-02-08T06:45:57Z [AreaTriggerEvents] Created trigger ArcticCrypt at 15621 231.4 14845 ori: 0 0 0
2025-02-08T06:45:57Z [AreaTriggerEvents] Created trigger ArcticCrypt2 at 15640 258.6 14828 ori: 0 0 0
2025-02-08T06:45:57Z [AreaTriggerEvents] Created trigger ArcticCrypt3 at 15642 208.9 14788 ori: 0 0 0
2025-02-08T06:45:57Z [AreaTriggerEvents] Created trigger KMUCMain at 7059 573.5 11620 ori: 0 0 0
2025-02-08T06:45:57Z [AreaTriggerEvents] Created trigger KMUCMainBottom at 7249 224.8 11617 ori: 0 0 0
2025-02-08T06:45:57Z [AreaTriggerEvents] Created trigger TempleBridgeJump at 371 49.6 526 ori: 0 0 0
2025-02-08T06:45:57Z [AreaTriggerEvents] Created trigger TempleOutsideTop1 at 739.5 38 483 ori: 0 0 0
2025-02-08T06:45:57Z [AreaTriggerEvents] Created trigger TempleOutsideTop2 at 670 49.5 306 ori: 0 0 0
2025-02-08T06:45:57Z [AreaTriggerEvents] Created trigger TempleWolfTrap at 591 14.3 390 ori: 0 0 0
2025-02-08T06:45:57Z [AreaTriggerEvents] Created trigger TempleInside1 at 865 19.2 410 ori: 0 0 0
2025-02-08T06:45:57Z [AreaTriggerEvents] Created trigger TempleInside2 at 828 38 484 ori: 0 0 0
2025-02-08T06:45:57Z [AreaTriggerEvents] Created trigger TempleHammerTrigger at 366 54.3 868 ori: 0 0 0
2025-02-08T06:45:57Z [AreaTriggerEvents] Created trigger TemplePartB1 at 405 130 1517 ori: 0 0 0
2025-02-08T06:45:57Z [AreaTriggerEvents] Created trigger TemplePartB2 at 417 2.4 1591 ori: 0 0 0
2025-02-08T23:21:27Z [AreaTriggerEvents] Created trigger ArcticCrypt at 15621 231.4 14845 ori: 0 0 0
2025-02-08T23:21:27Z [AreaTriggerEvents] Created trigger ArcticCrypt2 at 15640 258.6 14828 ori: 0 0 0
2025-02-08T23:21:27Z [AreaTriggerEvents] Created trigger ArcticCrypt3 at 15642 208.9 14788 ori: 0 0 0
2025-02-08T23:21:27Z [AreaTriggerEvents] Created trigger KMUCMain at 7059 573.5 11620 ori: 0 0 0
2025-02-08T23:21:27Z [AreaTriggerEvents] Created trigger KMUCMainBottom at 7249 224.8 11617 ori: 0 0 0
2025-02-08T23:21:27Z [AreaTriggerEvents] Created trigger TempleBridgeJump at 371 49.6 526 ori: 0 0 0
2025-02-08T23:21:27Z [AreaTriggerEvents] Created trigger TempleOutsideTop1 at 739.5 38 483 ori: 0 0 0
2025-02-08T23:21:27Z [AreaTriggerEvents] Created trigger TempleOutsideTop2 at 670 49.5 306 ori: 0 0 0
2025-02-08T23:21:27Z [AreaTriggerEvents] Created trigger TempleWolfTrap at 591 14.3 390 ori: 0 0 0
2025-02-08T23:21:27Z [AreaTriggerEvents] Created trigger TempleInside1 at 865 19.2 410 ori: 0 0 0
2025-02-08T23:21:27Z [AreaTriggerEvents] Created trigger TempleInside2 at 828 38 484 ori: 0 0 0
2025-02-08T23:21:27Z [AreaTriggerEvents] Created trigger TempleHammerTrigger at 366 54.3 868 ori: 0 0 0
2025-02-08T23:21:27Z [AreaTriggerEvents] Created trigger TemplePartB1 at 405 130 1517 ori: 0 0 0
2025-02-08T23:21:27Z [AreaTriggerEvents] Created trigger TemplePartB2 at 417 2.4 1591 ori: 0 0 0
2025-02-08T23:28:34Z [AreaTriggerEvents] Created trigger ArcticCrypt at 15621 231.4 14845 ori: 0 0 0
2025-02-08T23:28:34Z [AreaTriggerEvents] Created trigger ArcticCrypt2 at 15640 258.6 14828 ori: 0 0 0
2025-02-08T23:28:34Z [AreaTriggerEvents] Created trigger ArcticCrypt3 at 15642 208.9 14788 ori: 0 0 0
2025-02-08T23:28:34Z [AreaTriggerEvents] Created trigger KMUCMain at 7059 573.5 11620 ori: 0 0 0
2025-02-08T23:28:34Z [AreaTriggerEvents] Created trigger KMUCMainBottom at 7249 224.8 11617 ori: 0 0 0
2025-02-08T23:28:34Z [AreaTriggerEvents] Created trigger TempleBridgeJump at 371 49.6 526 ori: 0 0 0
2025-02-08T23:28:34Z [AreaTriggerEvents] Created trigger TempleOutsideTop1 at 739.5 38 483 ori: 0 0 0
2025-02-08T23:28:34Z [AreaTriggerEvents] Created trigger TempleOutsideTop2 at 670 49.5 306 ori: 0 0 0
2025-02-08T23:28:34Z [AreaTriggerEvents] Created trigger TempleWolfTrap at 591 14.3 390 ori: 0 0 0
2025-02-08T23:28:34Z [AreaTriggerEvents] Created trigger TempleInside1 at 865 19.2 410 ori: 0 0 0
2025-02-08T23:28:34Z [AreaTriggerEvents] Created trigger TempleInside2 at 828 38 484 ori: 0 0 0
2025-02-08T23:28:34Z [AreaTriggerEvents] Created trigger TempleHammerTrigger at 366 54.3 868 ori: 0 0 0
2025-02-08T23:28:34Z [AreaTriggerEvents] Created trigger TemplePartB1 at 405 130 1517 ori: 0 0 0
2025-02-08T23:28:34Z [AreaTriggerEvents] Created trigger TemplePartB2 at 417 2.4 1591 ori: 0 0 0
2025-02-08T23:42:46Z [AreaTriggerEvents] Created trigger ArcticCrypt at 15621 231.4 14845 ori: 0 0 0
2025-02-08T23:42:46Z [AreaTriggerEvents] Created trigger ArcticCrypt2 at 15640 258.6 14828 ori: 0 0 0
2025-02-08T23:42:46Z [AreaTriggerEvents] Created trigger ArcticCrypt3 at 15642 208.9 14788 ori: 0 0 0
2025-02-08T23:42:46Z [AreaTriggerEvents] Created trigger KMUCMain at 7059 573.5 11620 ori: 0 0 0
2025-02-08T23:42:46Z [AreaTriggerEvents] Created trigger KMUCMainBottom at 7249 224.8 11617 ori: 0 0 0
2025-02-08T23:42:46Z [AreaTriggerEvents] Created trigger TempleBridgeJump at 371 49.6 526 ori: 0 0 0
2025-02-08T23:42:46Z [AreaTriggerEvents] Created trigger TempleOutsideTop1 at 739.5 38 483 ori: 0 0 0
2025-02-08T23:42:46Z [AreaTriggerEvents] Created trigger TempleOutsideTop2 at 670 49.5 306 ori: 0 0 0
2025-02-08T23:42:46Z [AreaTriggerEvents] Created trigger TempleWolfTrap at 591 14.3 390 ori: 0 0 0
2025-02-08T23:42:46Z [AreaTriggerEvents] Created trigger TempleInside1 at 865 19.2 410 ori: 0 0 0
2025-02-08T23:42:46Z [AreaTriggerEvents] Created trigger TempleInside2 at 828 38 484 ori: 0 0 0
2025-02-08T23:42:46Z [AreaTriggerEvents] Created trigger TempleHammerTrigger at 366 54.3 868 ori: 0 0 0
2025-02-08T23:42:46Z [AreaTriggerEvents] Created trigger TemplePartB1 at 405 130 1517 ori: 0 0 0
2025-02-08T23:42:46Z [AreaTriggerEvents] Created trigger TemplePartB2 at 417 2.4 1591 ori: 0 0 0
2025-02-08T23:44:27Z [AreaTriggerEvents] Created trigger ArcticCrypt at 15621 231.4 14845 ori: 0 0 0
2025-02-08T23:44:27Z [AreaTriggerEvents] Created trigger ArcticCrypt2 at 15640 258.6 14828 ori: 0 0 0
2025-02-08T23:44:27Z [AreaTriggerEvents] Created trigger ArcticCrypt3 at 15642 208.9 14788 ori: 0 0 0
2025-02-08T23:44:27Z [AreaTriggerEvents] Created trigger KMUCMain at 7059 573.5 11620 ori: 0 0 0
2025-02-08T23:44:27Z [AreaTriggerEvents] Created trigger KMUCMainBottom at 7249 224.8 11617 ori: 0 0 0
2025-02-08T23:44:27Z [AreaTriggerEvents] Created trigger TempleBridgeJump at 371 49.6 526 ori: 0 0 0
2025-02-08T23:44:27Z [AreaTriggerEvents] Created trigger TempleOutsideTop1 at 739.5 38 483 ori: 0 0 0
2025-02-08T23:44:27Z [AreaTriggerEvents] Created trigger TempleOutsideTop2 at 670 49.5 306 ori: 0 0 0
2025-02-08T23:44:27Z [AreaTriggerEvents] Created trigger TempleWolfTrap at 591 14.3 390 ori: 0 0 0
2025-02-08T23:44:27Z [AreaTriggerEvents] Created trigger TempleInside1 at 865 19.2 410 ori: 0 0 0
2025-02-08T23:44:27Z [AreaTriggerEvents] Created trigger TempleInside2 at 828 38 484 ori: 0 0 0
2025-02-08T23:44:27Z [AreaTriggerEvents] Created trigger TempleHammerTrigger at 366 54.3 868 ori: 0 0 0
2025-02-08T23:44:27Z [AreaTriggerEvents] Created trigger TemplePartB1 at 405 130 1517 ori: 0 0 0
2025-02-08T23:44:27Z [AreaTriggerEvents] Created trigger TemplePartB2 at 417 2.4 1591 ori: 0 0 0
2025-02-08T23:56:14Z [AreaTriggerEvents] Created trigger ArcticCrypt at 15621 231.4 14845 ori: 0 0 0
2025-02-08T23:56:14Z [AreaTriggerEvents] Created trigger ArcticCrypt2 at 15640 258.6 14828 ori: 0 0 0
2025-02-08T23:56:14Z [AreaTriggerEvents] Created trigger ArcticCrypt3 at 15642 208.9 14788 ori: 0 0 0
2025-02-08T23:56:14Z [AreaTriggerEvents] Created trigger KMUCMain at 7059 573.5 11620 ori: 0 0 0
2025-02-08T23:56:14Z [AreaTriggerEvents] Created trigger KMUCMainBottom at 7249 224.8 11617 ori: 0 0 0
2025-02-08T23:56:14Z [AreaTriggerEvents] Created trigger TempleBridgeJump at 371 49.6 526 ori: 0 0 0
2025-02-08T23:56:14Z [AreaTriggerEvents] Created trigger TempleOutsideTop1 at 739.5 38 483 ori: 0 0 0
2025-02-08T23:56:14Z [AreaTriggerEvents] Created trigger TempleOutsideTop2 at 670 49.5 306 ori: 0 0 0
2025-02-08T23:56:14Z [AreaTriggerEvents] Created trigger TempleWolfTrap at 591 14.3 390 ori: 0 0 0
2025-02-08T23:56:14Z [AreaTriggerEvents] Created trigger TempleInside1 at 865 19.2 410 ori: 0 0 0
2025-02-08T23:56:14Z [AreaTriggerEvents] Created trigger TempleInside2 at 828 38 484 ori: 0 0 0
2025-02-08T23:56:14Z [AreaTriggerEvents] Created trigger TempleHammerTrigger at 366 54.3 868 ori: 0 0 0
2025-02-08T23:56:14Z [AreaTriggerEvents] Created trigger TemplePartB1 at 405 130 1517 ori: 0 0 0
2025-02-08T23:56:14Z [AreaTriggerEvents] Created trigger TemplePartB2 at 417 2.4 1591 ori: 0 0 0
2025-02-09T00:08:47Z [AreaTriggerEvents] Created trigger ArcticCrypt at 15621 231.4 14845 ori: 0 0 0
2025-02-09T00:08:47Z [AreaTriggerEvents] Created trigger ArcticCrypt2 at 15640 258.6 14828 ori: 0 0 0
2025-02-09T00:08:47Z [AreaTriggerEvents] Created trigger ArcticCrypt3 at 15642 208.9 14788 ori: 0 0 0
2025-02-09T00:08:47Z [AreaTriggerEvents] Created trigger KMUCMain at 7059 573.5 11620 ori: 0 0 0
2025-02-09T00:08:47Z [AreaTriggerEvents] Created trigger KMUCMainBottom at 7249 224.8 11617 ori: 0 0 0
2025-02-09T00:08:47Z [AreaTriggerEvents] Created trigger TempleBridgeJump at 371 49.6 526 ori: 0 0 0
2025-02-09T00:08:47Z [AreaTriggerEvents] Created trigger TempleOutsideTop1 at 739.5 38 483 ori: 0 0 0
2025-02-09T00:08:47Z [AreaTriggerEvents] Created trigger TempleOutsideTop2 at 670 49.5 306 ori: 0 0 0
2025-02-09T00:08:47Z [AreaTriggerEvents] Created trigger TempleWolfTrap at 591 14.3 390 ori: 0 0 0
2025-02-09T00:08:47Z [AreaTriggerEvents] Created trigger TempleInside1 at 865 19.2 410 ori: 0 0 0
2025-02-09T00:08:47Z [AreaTriggerEvents] Created trigger TempleInside2 at 828 38 484 ori: 0 0 0
2025-02-09T00:08:47Z [AreaTriggerEvents] Created trigger TempleHammerTrigger at 366 54.3 868 ori: 0 0 0
2025-02-09T00:08:47Z [AreaTriggerEvents] Created trigger TemplePartB1 at 405 130 1517 ori: 0 0 0
2025-02-09T00:08:47Z [AreaTriggerEvents] Created trigger TemplePartB2 at 417 2.4 1591 ori: 0 0 0
2025-02-09T00:26:36Z [AreaTriggerEvents] Created trigger ArcticCrypt at 15621 231.4 14845 ori: 0 0 0
2025-02-09T00:26:36Z [AreaTriggerEvents] Created trigger ArcticCrypt2 at 15640 258.6 14828 ori: 0 0 0
2025-02-09T00:26:36Z [AreaTriggerEvents] Created trigger ArcticCrypt3 at 15642 208.9 14788 ori: 0 0 0
2025-02-09T00:26:36Z [AreaTriggerEvents] Created trigger KMUCMain at 7059 573.5 11620 ori: 0 0 0
2025-02-09T00:26:36Z [AreaTriggerEvents] Created trigger KMUCMainBottom at 7249 224.8 11617 ori: 0 0 0
2025-02-09T00:26:36Z [AreaTriggerEvents] Created trigger TempleBridgeJump at 371 49.6 526 ori: 0 0 0
2025-02-09T00:26:36Z [AreaTriggerEvents] Created trigger TempleOutsideTop1 at 739.5 38 483 ori: 0 0 0
2025-02-09T00:26:36Z [AreaTriggerEvents] Created trigger TempleOutsideTop2 at 670 49.5 306 ori: 0 0 0
2025-02-09T00:26:36Z [AreaTriggerEvents] Created trigger TempleWolfTrap at 591 14.3 390 ori: 0 0 0
2025-02-09T00:26:36Z [AreaTriggerEvents] Created trigger TempleInside1 at 865 19.2 410 ori: 0 0 0
2025-02-09T00:26:36Z [AreaTriggerEvents] Created trigger TempleInside2 at 828 38 484 ori: 0 0 0
2025-02-09T00:26:36Z [AreaTriggerEvents] Created trigger TempleHammerTrigger at 366 54.3 868 ori: 0 0 0
2025-02-09T00:26:36Z [AreaTriggerEvents] Created trigger TemplePartB1 at 405 130 1517 ori: 0 0 0
2025-02-09T00:26:36Z [AreaTriggerEvents] Created trigger TemplePartB2 at 417 2.4 1591 ori: 0 0 0
2025-02-09T00:35:52Z [AreaTriggerEvents] Created trigger ArcticCrypt at 15621 231.4 14845 ori: 0 0 0
2025-02-09T00:35:52Z [AreaTriggerEvents] Created trigger ArcticCrypt2 at 15640 258.6 14828 ori: 0 0 0
2025-02-09T00:35:52Z [AreaTriggerEvents] Created trigger ArcticCrypt3 at 15642 208.9 14788 ori: 0 0 0
2025-02-09T00:35:52Z [AreaTriggerEvents] Created trigger KMUCMain at 7059 573.5 11620 ori: 0 0 0
2025-02-09T00:35:52Z [AreaTriggerEvents] Created trigger KMUCMainBottom at 7249 224.8 11617 ori: 0 0 0
2025-02-09T00:35:52Z [AreaTriggerEvents] Created trigger TempleBridgeJump at 371 49.6 526 ori: 0 0 0
2025-02-09T00:35:52Z [AreaTriggerEvents] Created trigger TempleOutsideTop1 at 739.5 38 483 ori: 0 0 0
2025-02-09T00:35:52Z [AreaTriggerEvents] Created trigger TempleOutsideTop2 at 670 49.5 306 ori: 0 0 0
2025-02-09T00:35:52Z [AreaTriggerEvents] Created trigger TempleWolfTrap at 591 14.3 390 ori: 0 0 0
2025-02-09T00:35:52Z [AreaTriggerEvents] Created trigger TempleInside1 at 865 19.2 410 ori: 0 0 0
2025-02-09T00:35:52Z [AreaTriggerEvents] Created trigger TempleInside2 at 828 38 484 ori: 0 0 0
2025-02-09T00:35:52Z [AreaTriggerEvents] Created trigger TempleHammerTrigger at 366 54.3 868 ori: 0 0 0
2025-02-09T00:35:52Z [AreaTriggerEvents] Created trigger TemplePartB1 at 405 130 1517 ori: 0 0 0
2025-02-09T00:35:52Z [AreaTriggerEvents] Created trigger TemplePartB2 at 417 2.4 1591 ori: 0 0 0
2025-02-09T00:40:23Z [AreaTriggerEvents] Created trigger ArcticCrypt at 15621 231.4 14845 ori: 0 0 0
2025-02-09T00:40:23Z [AreaTriggerEvents] Created trigger ArcticCrypt2 at 15640 258.6 14828 ori: 0 0 0
2025-02-09T00:40:23Z [AreaTriggerEvents] Created trigger ArcticCrypt3 at 15642 208.9 14788 ori: 0 0 0
2025-02-09T00:40:23Z [AreaTriggerEvents] Created trigger KMUCMain at 7059 573.5 11620 ori: 0 0 0
2025-02-09T00:40:23Z [AreaTriggerEvents] Created trigger KMUCMainBottom at 7249 224.8 11617 ori: 0 0 0
2025-02-09T00:40:23Z [AreaTriggerEvents] Created trigger TempleBridgeJump at 371 49.6 526 ori: 0 0 0
2025-02-09T00:40:23Z [AreaTriggerEvents] Created trigger TempleOutsideTop1 at 739.5 38 483 ori: 0 0 0
2025-02-09T00:40:23Z [AreaTriggerEvents] Created trigger TempleOutsideTop2 at 670 49.5 306 ori: 0 0 0
2025-02-09T00:40:23Z [AreaTriggerEvents] Created trigger TempleWolfTrap at 591 14.3 390 ori: 0 0 0
2025-02-09T00:40:23Z [AreaTriggerEvents] Created trigger TempleInside1 at 865 19.2 410 ori: 0 0 0
2025-02-09T00:40:23Z [AreaTriggerEvents] Created trigger TempleInside2 at 828 38 484 ori: 0 0 0
2025-02-09T00:40:23Z [AreaTriggerEvents] Created trigger TempleHammerTrigger at 366 54.3 868 ori: 0 0 0
2025-02-09T00:40:23Z [AreaTriggerEvents] Created trigger TemplePartB1 at 405 130 1517 ori: 0 0 0
2025-02-09T00:40:23Z [AreaTriggerEvents] Created trigger TemplePartB2 at 417 2.4 1591 ori: 0 0 0
2025-02-09T20:40:03Z [AreaTriggerEvents] Created trigger ArcticCrypt at 15621 231.4 14845 ori: 0 0 0
2025-02-09T20:40:03Z [AreaTriggerEvents] Created trigger ArcticCrypt2 at 15640 258.6 14828 ori: 0 0 0
2025-02-09T20:40:03Z [AreaTriggerEvents] Created trigger ArcticCrypt3 at 15642 208.9 14788 ori: 0 0 0
2025-02-09T20:40:03Z [AreaTriggerEvents] Created trigger KMUCMain at 7059 573.5 11620 ori: 0 0 0
2025-02-09T20:40:03Z [AreaTriggerEvents] Created trigger KMUCMainBottom at 7249 224.8 11617 ori: 0 0 0
2025-02-09T20:40:03Z [AreaTriggerEvents] Created trigger TempleBridgeJump at 371 49.6 526 ori: 0 0 0
2025-02-09T20:40:03Z [AreaTriggerEvents] Created trigger TempleOutsideTop1 at 739.5 38 483 ori: 0 0 0
2025-02-09T20:40:03Z [AreaTriggerEvents] Created trigger TempleOutsideTop2 at 670 49.5 306 ori: 0 0 0
2025-02-09T20:40:03Z [AreaTriggerEvents] Created trigger TempleWolfTrap at 591 14.3 390 ori: 0 0 0
2025-02-09T20:40:03Z [AreaTriggerEvents] Created trigger TempleInside1 at 865 19.2 410 ori: 0 0 0
2025-02-09T20:40:03Z [AreaTriggerEvents] Created trigger TempleInside2 at 828 38 484 ori: 0 0 0
2025-02-09T20:40:03Z [AreaTriggerEvents] Created trigger TempleHammerTrigger at 366 54.3 868 ori: 0 0 0
2025-02-09T20:40:03Z [AreaTriggerEvents] Created trigger TemplePartB1 at 405 130 1517 ori: 0 0 0
2025-02-09T20:40:03Z [AreaTriggerEvents] Created trigger TemplePartB2 at 417 2.4 1591 ori: 0 0 0
2025-02-09T20:43:30Z [AreaTriggerEvents] Created trigger ArcticCrypt at 15621 231.4 14845 ori: 0 0 0
2025-02-09T20:43:30Z [AreaTriggerEvents] Created trigger ArcticCrypt2 at 15640 258.6 14828 ori: 0 0 0
2025-02-09T20:43:30Z [AreaTriggerEvents] Created trigger ArcticCrypt3 at 15642 208.9 14788 ori: 0 0 0
2025-02-09T20:43:30Z [AreaTriggerEvents] Created trigger KMUCMain at 7059 573.5 11620 ori: 0 0 0
2025-02-09T20:43:30Z [AreaTriggerEvents] Created trigger KMUCMainBottom at 7249 224.8 11617 ori: 0 0 0
2025-02-09T20:43:30Z [AreaTriggerEvents] Created trigger TempleBridgeJump at 371 49.6 526 ori: 0 0 0
2025-02-09T20:43:30Z [AreaTriggerEvents] Created trigger TempleOutsideTop1 at 739.5 38 483 ori: 0 0 0
2025-02-09T20:43:30Z [AreaTriggerEvents] Created trigger TempleOutsideTop2 at 670 49.5 306 ori: 0 0 0
2025-02-09T20:43:30Z [AreaTriggerEvents] Created trigger TempleWolfTrap at 591 14.3 390 ori: 0 0 0
2025-02-09T20:43:30Z [AreaTriggerEvents] Created trigger TempleInside1 at 865 19.2 410 ori: 0 0 0
2025-02-09T20:43:30Z [AreaTriggerEvents] Created trigger TempleInside2 at 828 38 484 ori: 0 0 0
2025-02-09T20:43:30Z [AreaTriggerEvents] Created trigger TempleHammerTrigger at 366 54.3 868 ori: 0 0 0
2025-02-09T20:43:30Z [AreaTriggerEvents] Created trigger TemplePartB1 at 405 130 1517 ori: 0 0 0
2025-02-09T20:43:30Z [AreaTriggerEvents] Created trigger TemplePartB2 at 417 2.4 1591 ori: 0 0 0
2025-02-09T21:02:19Z [AreaTriggerEvents] Created trigger ArcticCrypt at 15621 231.4 14845 ori: 0 0 0
2025-02-09T21:02:19Z [AreaTriggerEvents] Created trigger ArcticCrypt2 at 15640 258.6 14828 ori: 0 0 0
2025-02-09T21:02:19Z [AreaTriggerEvents] Created trigger ArcticCrypt3 at 15642 208.9 14788 ori: 0 0 0
2025-02-09T21:02:19Z [AreaTriggerEvents] Created trigger KMUCMain at 7059 573.5 11620 ori: 0 0 0
2025-02-09T21:02:19Z [AreaTriggerEvents] Created trigger KMUCMainBottom at 7249 224.8 11617 ori: 0 0 0
2025-02-09T21:02:19Z [AreaTriggerEvents] Created trigger TempleBridgeJump at 371 49.6 526 ori: 0 0 0
2025-02-09T21:02:19Z [AreaTriggerEvents] Created trigger TempleOutsideTop1 at 739.5 38 483 ori: 0 0 0
2025-02-09T21:02:19Z [AreaTriggerEvents] Created trigger TempleOutsideTop2 at 670 49.5 306 ori: 0 0 0
2025-02-09T21:02:19Z [AreaTriggerEvents] Created trigger TempleWolfTrap at 591 14.3 390 ori: 0 0 0
2025-02-09T21:02:19Z [AreaTriggerEvents] Created trigger TempleInside1 at 865 19.2 410 ori: 0 0 0
2025-02-09T21:02:19Z [AreaTriggerEvents] Created trigger TempleInside2 at 828 38 484 ori: 0 0 0
2025-02-09T21:02:19Z [AreaTriggerEvents] Created trigger TempleHammerTrigger at 366 54.3 868 ori: 0 0 0
2025-02-09T21:02:19Z [AreaTriggerEvents] Created trigger TemplePartB1 at 405 130 1517 ori: 0 0 0
2025-02-09T21:02:19Z [AreaTriggerEvents] Created trigger TemplePartB2 at 417 2.4 1591 ori: 0 0 0
2025-02-10T05:43:28Z [AreaTriggerEvents] Created trigger ArcticCrypt at 15621 231.4 14845 ori: 0 0 0
2025-02-10T05:43:28Z [AreaTriggerEvents] Created trigger ArcticCrypt2 at 15640 258.6 14828 ori: 0 0 0
2025-02-10T05:43:28Z [AreaTriggerEvents] Created trigger ArcticCrypt3 at 15642 208.9 14788 ori: 0 0 0
2025-02-10T05:43:28Z [AreaTriggerEvents] Created trigger KMUCMain at 7059 573.5 11620 ori: 0 0 0
2025-02-10T05:43:28Z [AreaTriggerEvents] Created trigger KMUCMainBottom at 7249 224.8 11617 ori: 0 0 0
2025-02-10T05:43:28Z [AreaTriggerEvents] Created trigger TempleBridgeJump at 371 49.6 526 ori: 0 0 0
2025-02-10T05:43:28Z [AreaTriggerEvents] Created trigger TempleOutsideTop1 at 739.5 38 483 ori: 0 0 0
2025-02-10T05:43:28Z [AreaTriggerEvents] Created trigger TempleOutsideTop2 at 670 49.5 306 ori: 0 0 0
2025-02-10T05:43:28Z [AreaTriggerEvents] Created trigger TempleWolfTrap at 591 14.3 390 ori: 0 0 0
2025-02-10T05:43:28Z [AreaTriggerEvents] Created trigger TempleInside1 at 865 19.2 410 ori: 0 0 0
2025-02-10T05:43:28Z [AreaTriggerEvents] Created trigger TempleInside2 at 828 38 484 ori: 0 0 0
2025-02-10T05:43:28Z [AreaTriggerEvents] Created trigger TempleHammerTrigger at 366 54.3 868 ori: 0 0 0
2025-02-10T05:43:28Z [AreaTriggerEvents] Created trigger TemplePartB1 at 405 130 1517 ori: 0 0 0
2025-02-10T05:43:28Z [AreaTriggerEvents] Created trigger TemplePartB2 at 417 2.4 1591 ori: 0 0 0
2025-02-16T02:13:24Z [AreaTriggerEvents] Created trigger ArcticCrypt at 15621 231.4 14845 ori: 0 0 0
2025-02-16T02:13:24Z [AreaTriggerEvents] Created trigger ArcticCrypt2 at 15640 258.6 14828 ori: 0 0 0
2025-02-16T02:13:24Z [AreaTriggerEvents] Created trigger ArcticCrypt3 at 15642 208.9 14788 ori: 0 0 0
2025-02-16T02:13:24Z [AreaTriggerEvents] Created trigger KMUCMain at 7059 573.5 11620 ori: 0 0 0
2025-02-16T02:13:24Z [AreaTriggerEvents] Created trigger KMUCMainBottom at 7249 224.8 11617 ori: 0 0 0
2025-02-16T02:13:24Z [AreaTriggerEvents] Created trigger TempleBridgeJump at 371 49.6 526 ori: 0 0 0
2025-02-16T02:13:24Z [AreaTriggerEvents] Created trigger TempleOutsideTop1 at 739.5 38 483 ori: 0 0 0
2025-02-16T02:13:24Z [AreaTriggerEvents] Created trigger TempleOutsideTop2 at 670 49.5 306 ori: 0 0 0
2025-02-16T02:13:24Z [AreaTriggerEvents] Created trigger TempleWolfTrap at 591 14.3 390 ori: 0 0 0
2025-02-16T02:13:24Z [AreaTriggerEvents] Created trigger TempleInside1 at 865 19.2 410 ori: 0 0 0
2025-02-16T02:13:24Z [AreaTriggerEvents] Created trigger TempleInside2 at 828 38 484 ori: 0 0 0
2025-02-16T02:13:24Z [AreaTriggerEvents] Created trigger TempleHammerTrigger at 366 54.3 868 ori: 0 0 0
2025-02-16T02:13:24Z [AreaTriggerEvents] Created trigger TemplePartB1 at 405 130 1517 ori: 0 0 0
2025-02-16T02:13:24Z [AreaTriggerEvents] Created trigger TemplePartB2 at 417 2.4 1591 ori: 0 0 0
2025-02-16T03:38:35Z [AreaTriggerEvents] Created trigger ArcticCrypt at 15621 231.4 14845 ori: 0 0 0
2025-02-16T03:38:35Z [AreaTriggerEvents] Created trigger ArcticCrypt2 at 15640 258.6 14828 ori: 0 0 0
2025-02-16T03:38:35Z [AreaTriggerEvents] Created trigger ArcticCrypt3 at 15642 208.9 14788 ori: 0 0 0
2025-02-16T03:38:35Z [AreaTriggerEvents] Created trigger KMUCMain at 7059 573.5 11620 ori: 0 0 0
2025-02-16T03:38:35Z [AreaTriggerEvents] Created trigger KMUCMainBottom at 7249 224.8 11617 ori: 0 0 0
2025-02-16T03:38:35Z [AreaTriggerEvents] Created trigger TempleBridgeJump at 371 49.6 526 ori: 0 0 0
2025-02-16T03:38:35Z [AreaTriggerEvents] Created trigger TempleOutsideTop1 at 739.5 38 483 ori: 0 0 0
2025-02-16T03:38:35Z [AreaTriggerEvents] Created trigger TempleOutsideTop2 at 670 49.5 306 ori: 0 0 0
2025-02-16T03:38:35Z [AreaTriggerEvents] Created trigger TempleWolfTrap at 591 14.3 390 ori: 0 0 0
2025-02-16T03:38:35Z [AreaTriggerEvents] Created trigger TempleInside1 at 865 19.2 410 ori: 0 0 0
2025-02-16T03:38:35Z [AreaTriggerEvents] Created trigger TempleInside2 at 828 38 484 ori: 0 0 0
2025-02-16T03:38:35Z [AreaTriggerEvents] Created trigger TempleHammerTrigger at 366 54.3 868 ori: 0 0 0
2025-02-16T03:38:35Z [AreaTriggerEvents] Created trigger TemplePartB1 at 405 130 1517 ori: 0 0 0
2025-02-16T03:38:35Z [AreaTriggerEvents] Created trigger TemplePartB2 at 417 2.4 1591 ori: 0 0 0
2025-02-16T05:12:30Z [AreaTriggerEvents] Jacob triggered KMUCMain
2025-02-16T07:05:20Z [AreaTriggerEvents] Jacob triggered KMUCMain
2025-02-16T17:49:26Z [AreaTriggerEvents] Created trigger ArcticCrypt at 15621 231.4 14845 ori: 0 0 0
2025-02-16T17:49:26Z [AreaTriggerEvents] Created trigger ArcticCrypt2 at 15640 258.6 14828 ori: 0 0 0
2025-02-16T17:49:26Z [AreaTriggerEvents] Created trigger ArcticCrypt3 at 15642 208.9 14788 ori: 0 0 0
2025-02-16T17:49:26Z [AreaTriggerEvents] Created trigger KMUCMain at 7059 573.5 11620 ori: 0 0 0
2025-02-16T17:49:26Z [AreaTriggerEvents] Created trigger KMUCMainBottom at 7249 224.8 11617 ori: 0 0 0
2025-02-16T17:49:26Z [AreaTriggerEvents] Created trigger TempleBridgeJump at 371 49.6 526 ori: 0 0 0
2025-02-16T17:49:26Z [AreaTriggerEvents] Created trigger TempleOutsideTop1 at 739.5 38 483 ori: 0 0 0
2025-02-16T17:49:26Z [AreaTriggerEvents] Created trigger TempleOutsideTop2 at 670 49.5 306 ori: 0 0 0
2025-02-16T17:49:26Z [AreaTriggerEvents] Created trigger TempleWolfTrap at 591 14.3 390 ori: 0 0 0
2025-02-16T17:49:26Z [AreaTriggerEvents] Created trigger TempleInside1 at 865 19.2 410 ori: 0 0 0
2025-02-16T17:49:26Z [AreaTriggerEvents] Created trigger TempleInside2 at 828 38 484 ori: 0 0 0
2025-02-16T17:49:26Z [AreaTriggerEvents] Created trigger TempleHammerTrigger at 366 54.3 868 ori: 0 0 0
2025-02-16T17:49:26Z [AreaTriggerEvents] Created trigger TemplePartB1 at 405 130 1517 ori: 0 0 0
2025-02-16T17:49:26Z [AreaTriggerEvents] Created trigger TemplePartB2 at 417 2.4 1591 ori: 0 0 0
2025-02-16T17:52:53Z [AreaTriggerEvents] Created trigger ArcticCrypt at 15621 231.4 14845 ori: 0 0 0
2025-02-16T17:52:53Z [AreaTriggerEvents] Created trigger ArcticCrypt2 at 15640 258.6 14828 ori: 0 0 0
2025-02-16T17:52:53Z [AreaTriggerEvents] Created trigger ArcticCrypt3 at 15642 208.9 14788 ori: 0 0 0
2025-02-16T17:52:53Z [AreaTriggerEvents] Created trigger KMUCMain at 7059 573.5 11620 ori: 0 0 0
2025-02-16T17:52:53Z [AreaTriggerEvents] Created trigger KMUCMainBottom at 7249 224.8 11617 ori: 0 0 0
2025-02-16T17:52:53Z [AreaTriggerEvents] Created trigger TempleBridgeJump at 371 49.6 526 ori: 0 0 0
2025-02-16T17:52:53Z [AreaTriggerEvents] Created trigger TempleOutsideTop1 at 739.5 38 483 ori: 0 0 0
2025-02-16T17:52:53Z [AreaTriggerEvents] Created trigger TempleOutsideTop2 at 670 49.5 306 ori: 0 0 0
2025-02-16T17:52:53Z [AreaTriggerEvents] Created trigger TempleWolfTrap at 591 14.3 390 ori: 0 0 0
2025-02-16T17:52:53Z [AreaTriggerEvents] Created trigger TempleInside1 at 865 19.2 410 ori: 0 0 0
2025-02-16T17:52:53Z [AreaTriggerEvents] Created trigger TempleInside2 at 828 38 484 ori: 0 0 0
2025-02-16T17:52:53Z [AreaTriggerEvents] Created trigger TempleHammerTrigger at 366 54.3 868 ori: 0 0 0
2025-02-16T17:52:53Z [AreaTriggerEvents] Created trigger TemplePartB1 at 405 130 1517 ori: 0 0 0
2025-02-16T17:52:53Z [AreaTriggerEvents] Created trigger TemplePartB2 at 417 2.4 1591 ori: 0 0 0
2025-02-16T18:08:31Z [AreaTriggerEvents] Created trigger ArcticCrypt at 15621 231.4 14845 ori: 0 0 0
2025-02-16T18:08:31Z [AreaTriggerEvents] Created trigger ArcticCrypt2 at 15640 258.6 14828 ori: 0 0 0
2025-02-16T18:08:31Z [AreaTriggerEvents] Created trigger ArcticCrypt3 at 15642 208.9 14788 ori: 0 0 0
2025-02-16T18:08:31Z [AreaTriggerEvents] Created trigger KMUCMain at 7059 573.5 11620 ori: 0 0 0
2025-02-16T18:08:31Z [AreaTriggerEvents] Created trigger KMUCMainBottom at 7249 224.8 11617 ori: 0 0 0
2025-02-16T18:08:31Z [AreaTriggerEvents] Created trigger TempleBridgeJump at 371 49.6 526 ori: 0 0 0
2025-02-16T18:08:31Z [AreaTriggerEvents] Created trigger TempleOutsideTop1 at 739.5 38 483 ori: 0 0 0
2025-02-16T18:08:31Z [AreaTriggerEvents] Created trigger TempleOutsideTop2 at 670 49.5 306 ori: 0 0 0
2025-02-16T18:08:31Z [AreaTriggerEvents] Created trigger TempleWolfTrap at 591 14.3 390 ori: 0 0 0
2025-02-16T18:08:31Z [AreaTriggerEvents] Created trigger TempleInside1 at 865 19.2 410 ori: 0 0 0
2025-02-16T18:08:31Z [AreaTriggerEvents] Created trigger TempleInside2 at 828 38 484 ori: 0 0 0
2025-02-16T18:08:31Z [AreaTriggerEvents] Created trigger TempleHammerTrigger at 366 54.3 868 ori: 0 0 0
2025-02-16T18:08:31Z [AreaTriggerEvents] Created trigger TemplePartB1 at 405 130 1517 ori: 0 0 0
2025-02-16T18:08:31Z [AreaTriggerEvents] Created trigger TemplePartB2 at 417 2.4 1591 ori: 0 0 0
2025-02-16T18:39:02Z [AreaTriggerEvents] Created trigger ArcticCrypt at 15621 231.4 14845 ori: 0 0 0
2025-02-16T18:39:02Z [AreaTriggerEvents] Created trigger ArcticCrypt2 at 15640 258.6 14828 ori: 0 0 0
2025-02-16T18:39:02Z [AreaTriggerEvents] Created trigger ArcticCrypt3 at 15642 208.9 14788 ori: 0 0 0
2025-02-16T18:39:02Z [AreaTriggerEvents] Created trigger KMUCMain at 7059 573.5 11620 ori: 0 0 0
2025-02-16T18:39:02Z [AreaTriggerEvents] Created trigger KMUCMainBottom at 7249 224.8 11617 ori: 0 0 0
2025-02-16T18:39:02Z [AreaTriggerEvents] Created trigger TempleBridgeJump at 371 49.6 526 ori: 0 0 0
2025-02-16T18:39:02Z [AreaTriggerEvents] Created trigger TempleOutsideTop1 at 739.5 38 483 ori: 0 0 0
2025-02-16T18:39:02Z [AreaTriggerEvents] Created trigger TempleOutsideTop2 at 670 49.5 306 ori: 0 0 0
2025-02-16T18:39:02Z [AreaTriggerEvents] Created trigger TempleWolfTrap at 591 14.3 390 ori: 0 0 0
2025-02-16T18:39:02Z [AreaTriggerEvents] Created trigger TempleInside1 at 865 19.2 410 ori: 0 0 0
2025-02-16T18:39:02Z [AreaTriggerEvents] Created trigger TempleInside2 at 828 38 484 ori: 0 0 0
2025-02-16T18:39:02Z [AreaTriggerEvents] Created trigger TempleHammerTrigger at 366 54.3 868 ori: 0 0 0
2025-02-16T18:39:02Z [AreaTriggerEvents] Created trigger TemplePartB1 at 405 130 1517 ori: 0 0 0
2025-02-16T18:39:02Z [AreaTriggerEvents] Created trigger TemplePartB2 at 417 2.4 1591 ori: 0 0 0
2025-02-16T18:46:31Z [AreaTriggerEvents] Created trigger ArcticCrypt at 15621 231.4 14845 ori: 0 0 0
2025-02-16T18:46:31Z [AreaTriggerEvents] Created trigger ArcticCrypt2 at 15640 258.6 14828 ori: 0 0 0
2025-02-16T18:46:31Z [AreaTriggerEvents] Created trigger ArcticCrypt3 at 15642 208.9 14788 ori: 0 0 0
2025-02-16T18:46:31Z [AreaTriggerEvents] Created trigger KMUCMain at 7059 573.5 11620 ori: 0 0 0
2025-02-16T18:46:31Z [AreaTriggerEvents] Created trigger KMUCMainBottom at 7249 224.8 11617 ori: 0 0 0
2025-02-16T18:46:31Z [AreaTriggerEvents] Created trigger TempleBridgeJump at 371 49.6 526 ori: 0 0 0
2025-02-16T18:46:31Z [AreaTriggerEvents] Created trigger TempleOutsideTop1 at 739.5 38 483 ori: 0 0 0
2025-02-16T18:46:31Z [AreaTriggerEvents] Created trigger TempleOutsideTop2 at 670 49.5 306 ori: 0 0 0
2025-02-16T18:46:31Z [AreaTriggerEvents] Created trigger TempleWolfTrap at 591 14.3 390 ori: 0 0 0
2025-02-16T18:46:31Z [AreaTriggerEvents] Created trigger TempleInside1 at 865 19.2 410 ori: 0 0 0
2025-02-16T18:46:31Z [AreaTriggerEvents] Created trigger TempleInside2 at 828 38 484 ori: 0 0 0
2025-02-16T18:46:31Z [AreaTriggerEvents] Created trigger TempleHammerTrigger at 366 54.3 868 ori: 0 0 0
2025-02-16T18:46:31Z [AreaTriggerEvents] Created trigger TemplePartB1 at 405 130 1517 ori: 0 0 0
2025-02-16T18:46:31Z [AreaTriggerEvents] Created trigger TemplePartB2 at 417 2.4 1591 ori: 0 0 0
2025-02-16T18:53:31Z [AreaTriggerEvents] Created trigger ArcticCrypt at 15621 231.4 14845 ori: 0 0 0
2025-02-16T18:53:31Z [AreaTriggerEvents] Created trigger ArcticCrypt2 at 15640 258.6 14828 ori: 0 0 0
2025-02-16T18:53:31Z [AreaTriggerEvents] Created trigger ArcticCrypt3 at 15642 208.9 14788 ori: 0 0 0
2025-02-16T18:53:31Z [AreaTriggerEvents] Created trigger KMUCMain at 7059 573.5 11620 ori: 0 0 0
2025-02-16T18:53:31Z [AreaTriggerEvents] Created trigger KMUCMainBottom at 7249 224.8 11617 ori: 0 0 0
2025-02-16T18:53:31Z [AreaTriggerEvents] Created trigger TempleBridgeJump at 371 49.6 526 ori: 0 0 0
2025-02-16T18:53:31Z [AreaTriggerEvents] Created trigger TempleOutsideTop1 at 739.5 38 483 ori: 0 0 0
2025-02-16T18:53:31Z [AreaTriggerEvents] Created trigger TempleOutsideTop2 at 670 49.5 306 ori: 0 0 0
2025-02-16T18:53:31Z [AreaTriggerEvents] Created trigger TempleWolfTrap at 591 14.3 390 ori: 0 0 0
2025-02-16T18:53:31Z [AreaTriggerEvents] Created trigger TempleInside1 at 865 19.2 410 ori: 0 0 0
2025-02-16T18:53:31Z [AreaTriggerEvents] Created trigger TempleInside2 at 828 38 484 ori: 0 0 0
2025-02-16T18:53:31Z [AreaTriggerEvents] Created trigger TempleHammerTrigger at 366 54.3 868 ori: 0 0 0
2025-02-16T18:53:31Z [AreaTriggerEvents] Created trigger TemplePartB1 at 405 130 1517 ori: 0 0 0
2025-02-16T18:53:31Z [AreaTriggerEvents] Created trigger TemplePartB2 at 417 2.4 1591 ori: 0 0 0
2025-02-16T18:56:06Z [AreaTriggerEvents] Created trigger ArcticCrypt at 15621 231.4 14845 ori: 0 0 0
2025-02-16T18:56:06Z [AreaTriggerEvents] Created trigger ArcticCrypt2 at 15640 258.6 14828 ori: 0 0 0
2025-02-16T18:56:06Z [AreaTriggerEvents] Created trigger ArcticCrypt3 at 15642 208.9 14788 ori: 0 0 0
2025-02-16T18:56:06Z [AreaTriggerEvents] Created trigger KMUCMain at 7059 573.5 11620 ori: 0 0 0
2025-02-16T18:56:06Z [AreaTriggerEvents] Created trigger KMUCMainBottom at 7249 224.8 11617 ori: 0 0 0
2025-02-16T18:56:06Z [AreaTriggerEvents] Created trigger TempleBridgeJump at 371 49.6 526 ori: 0 0 0
2025-02-16T18:56:06Z [AreaTriggerEvents] Created trigger TempleOutsideTop1 at 739.5 38 483 ori: 0 0 0
2025-02-16T18:56:06Z [AreaTriggerEvents] Created trigger TempleOutsideTop2 at 670 49.5 306 ori: 0 0 0
2025-02-16T18:56:06Z [AreaTriggerEvents] Created trigger TempleWolfTrap at 591 14.3 390 ori: 0 0 0
2025-02-16T18:56:06Z [AreaTriggerEvents] Created trigger TempleInside1 at 865 19.2 410 ori: 0 0 0
2025-02-16T18:56:06Z [AreaTriggerEvents] Created trigger TempleInside2 at 828 38 484 ori: 0 0 0
2025-02-16T18:56:06Z [AreaTriggerEvents] Created trigger TempleHammerTrigger at 366 54.3 868 ori: 0 0 0
2025-02-16T18:56:06Z [AreaTriggerEvents] Created trigger TemplePartB1 at 405 130 1517 ori: 0 0 0
2025-02-16T18:56:06Z [AreaTriggerEvents] Created trigger TemplePartB2 at 417 2.4 1591 ori: 0 0 0
2025-02-16T18:59:08Z [AreaTriggerEvents] Created trigger ArcticCrypt at 15621 231.4 14845 ori: 0 0 0
2025-02-16T18:59:08Z [AreaTriggerEvents] Created trigger ArcticCrypt2 at 15640 258.6 14828 ori: 0 0 0
2025-02-16T18:59:08Z [AreaTriggerEvents] Created trigger ArcticCrypt3 at 15642 208.9 14788 ori: 0 0 0
2025-02-16T18:59:08Z [AreaTriggerEvents] Created trigger KMUCMain at 7059 573.5 11620 ori: 0 0 0
2025-02-16T18:59:08Z [AreaTriggerEvents] Created trigger KMUCMainBottom at 7249 224.8 11617 ori: 0 0 0
2025-02-16T18:59:08Z [AreaTriggerEvents] Created trigger TempleBridgeJump at 371 49.6 526 ori: 0 0 0
2025-02-16T18:59:08Z [AreaTriggerEvents] Created trigger TempleOutsideTop1 at 739.5 38 483 ori: 0 0 0
2025-02-16T18:59:08Z [AreaTriggerEvents] Created trigger TempleOutsideTop2 at 670 49.5 306 ori: 0 0 0
2025-02-16T18:59:08Z [AreaTriggerEvents] Created trigger TempleWolfTrap at 591 14.3 390 ori: 0 0 0
2025-02-16T18:59:08Z [AreaTriggerEvents] Created trigger TempleInside1 at 865 19.2 410 ori: 0 0 0
2025-02-16T18:59:08Z [AreaTriggerEvents] Created trigger TempleInside2 at 828 38 484 ori: 0 0 0
2025-02-16T18:59:08Z [AreaTriggerEvents] Created trigger TempleHammerTrigger at 366 54.3 868 ori: 0 0 0
2025-02-16T18:59:08Z [AreaTriggerEvents] Created trigger TemplePartB1 at 405 130 1517 ori: 0 0 0
2025-02-16T18:59:08Z [AreaTriggerEvents] Created trigger TemplePartB2 at 417 2.4 1591 ori: 0 0 0
2025-02-16T19:01:08Z [AreaTriggerEvents] Created trigger ArcticCrypt at 15621 231.4 14845 ori: 0 0 0
2025-02-16T19:01:08Z [AreaTriggerEvents] Created trigger ArcticCrypt2 at 15640 258.6 14828 ori: 0 0 0
2025-02-16T19:01:08Z [AreaTriggerEvents] Created trigger ArcticCrypt3 at 15642 208.9 14788 ori: 0 0 0
2025-02-16T19:01:08Z [AreaTriggerEvents] Created trigger KMUCMain at 7059 573.5 11620 ori: 0 0 0
2025-02-16T19:01:08Z [AreaTriggerEvents] Created trigger KMUCMainBottom at 7249 224.8 11617 ori: 0 0 0
2025-02-16T19:01:08Z [AreaTriggerEvents] Created trigger TempleBridgeJump at 371 49.6 526 ori: 0 0 0
2025-02-16T19:01:08Z [AreaTriggerEvents] Created trigger TempleOutsideTop1 at 739.5 38 483 ori: 0 0 0
2025-02-16T19:01:08Z [AreaTriggerEvents] Created trigger TempleOutsideTop2 at 670 49.5 306 ori: 0 0 0
2025-02-16T19:01:08Z [AreaTriggerEvents] Created trigger TempleWolfTrap at 591 14.3 390 ori: 0 0 0
2025-02-16T19:01:08Z [AreaTriggerEvents] Created trigger TempleInside1 at 865 19.2 410 ori: 0 0 0
2025-02-16T19:01:08Z [AreaTriggerEvents] Created trigger TempleInside2 at 828 38 484 ori: 0 0 0
2025-02-16T19:01:08Z [AreaTriggerEvents] Created trigger TempleHammerTrigger at 366 54.3 868 ori: 0 0 0
2025-02-16T19:01:08Z [AreaTriggerEvents] Created trigger TemplePartB1 at 405 130 1517 ori: 0 0 0
2025-02-16T19:01:08Z [AreaTriggerEvents] Created trigger TemplePartB2 at 417 2.4 1591 ori: 0 0 0
2025-02-16T19:05:28Z [AreaTriggerEvents] Created trigger ArcticCrypt at 15621 231.4 14845 ori: 0 0 0
2025-02-16T19:05:28Z [AreaTriggerEvents] Created trigger ArcticCrypt2 at 15640 258.6 14828 ori: 0 0 0
2025-02-16T19:05:28Z [AreaTriggerEvents] Created trigger ArcticCrypt3 at 15642 208.9 14788 ori: 0 0 0
2025-02-16T19:05:28Z [AreaTriggerEvents] Created trigger KMUCMain at 7059 573.5 11620 ori: 0 0 0
2025-02-16T19:05:28Z [AreaTriggerEvents] Created trigger KMUCMainBottom at 7249 224.8 11617 ori: 0 0 0
2025-02-16T19:05:28Z [AreaTriggerEvents] Created trigger TempleBridgeJump at 371 49.6 526 ori: 0 0 0
2025-02-16T19:05:28Z [AreaTriggerEvents] Created trigger TempleOutsideTop1 at 739.5 38 483 ori: 0 0 0
2025-02-16T19:05:28Z [AreaTriggerEvents] Created trigger TempleOutsideTop2 at 670 49.5 306 ori: 0 0 0
2025-02-16T19:05:28Z [AreaTriggerEvents] Created trigger TempleWolfTrap at 591 14.3 390 ori: 0 0 0
2025-02-16T19:05:28Z [AreaTriggerEvents] Created trigger TempleInside1 at 865 19.2 410 ori: 0 0 0
2025-02-16T19:05:28Z [AreaTriggerEvents] Created trigger TempleInside2 at 828 38 484 ori: 0 0 0
2025-02-16T19:05:28Z [AreaTriggerEvents] Created trigger TempleHammerTrigger at 366 54.3 868 ori: 0 0 0
2025-02-16T19:05:28Z [AreaTriggerEvents] Created trigger TemplePartB1 at 405 130 1517 ori: 0 0 0
2025-02-16T19:05:28Z [AreaTriggerEvents] Created trigger TemplePartB2 at 417 2.4 1591 ori: 0 0 0
2025-02-16T19:13:27Z [AreaTriggerEvents] Created trigger ArcticCrypt at 15621 231.4 14845 ori: 0 0 0
2025-02-16T19:13:27Z [AreaTriggerEvents] Created trigger ArcticCrypt2 at 15640 258.6 14828 ori: 0 0 0
2025-02-16T19:13:27Z [AreaTriggerEvents] Created trigger ArcticCrypt3 at 15642 208.9 14788 ori: 0 0 0
2025-02-16T19:13:27Z [AreaTriggerEvents] Created trigger KMUCMain at 7059 573.5 11620 ori: 0 0 0
2025-02-16T19:13:27Z [AreaTriggerEvents] Created trigger KMUCMainBottom at 7249 224.8 11617 ori: 0 0 0
2025-02-16T19:13:27Z [AreaTriggerEvents] Created trigger TempleBridgeJump at 371 49.6 526 ori: 0 0 0
2025-02-16T19:13:27Z [AreaTriggerEvents] Created trigger TempleOutsideTop1 at 739.5 38 483 ori: 0 0 0
2025-02-16T19:13:27Z [AreaTriggerEvents] Created trigger TempleOutsideTop2 at 670 49.5 306 ori: 0 0 0
2025-02-16T19:13:27Z [AreaTriggerEvents] Created trigger TempleWolfTrap at 591 14.3 390 ori: 0 0 0
2025-02-16T19:13:27Z [AreaTriggerEvents] Created trigger TempleInside1 at 865 19.2 410 ori: 0 0 0
2025-02-16T19:13:27Z [AreaTriggerEvents] Created trigger TempleInside2 at 828 38 484 ori: 0 0 0
2025-02-16T19:13:27Z [AreaTriggerEvents] Created trigger TempleHammerTrigger at 366 54.3 868 ori: 0 0 0
2025-02-16T19:13:27Z [AreaTriggerEvents] Created trigger TemplePartB1 at 405 130 1517 ori: 0 0 0
2025-02-16T19:13:27Z [AreaTriggerEvents] Created trigger TemplePartB2 at 417 2.4 1591 ori: 0 0 0
2025-02-16T19:22:00Z [AreaTriggerEvents] Created trigger ArcticCrypt at 15621 231.4 14845 ori: 0 0 0
2025-02-16T19:22:00Z [AreaTriggerEvents] Created trigger ArcticCrypt2 at 15640 258.6 14828 ori: 0 0 0
2025-02-16T19:22:00Z [AreaTriggerEvents] Created trigger ArcticCrypt3 at 15642 208.9 14788 ori: 0 0 0
2025-02-16T19:22:00Z [AreaTriggerEvents] Created trigger KMUCMain at 7059 573.5 11620 ori: 0 0 0
2025-02-16T19:22:00Z [AreaTriggerEvents] Created trigger KMUCMainBottom at 7249 224.8 11617 ori: 0 0 0
2025-02-16T19:22:00Z [AreaTriggerEvents] Created trigger TempleBridgeJump at 371 49.6 526 ori: 0 0 0
2025-02-16T19:22:00Z [AreaTriggerEvents] Created trigger TempleOutsideTop1 at 739.5 38 483 ori: 0 0 0
2025-02-16T19:22:00Z [AreaTriggerEvents] Created trigger TempleOutsideTop2 at 670 49.5 306 ori: 0 0 0
2025-02-16T19:22:00Z [AreaTriggerEvents] Created trigger TempleWolfTrap at 591 14.3 390 ori: 0 0 0
2025-02-16T19:22:00Z [AreaTriggerEvents] Created trigger TempleInside1 at 865 19.2 410 ori: 0 0 0
2025-02-16T19:22:00Z [AreaTriggerEvents] Created trigger TempleInside2 at 828 38 484 ori: 0 0 0
2025-02-16T19:22:00Z [AreaTriggerEvents] Created trigger TempleHammerTrigger at 366 54.3 868 ori: 0 0 0
2025-02-16T19:22:00Z [AreaTriggerEvents] Created trigger TemplePartB1 at 405 130 1517 ori: 0 0 0
2025-02-16T19:22:00Z [AreaTriggerEvents] Created trigger TemplePartB2 at 417 2.4 1591 ori: 0 0 0
2025-02-16T19:26:19Z [AreaTriggerEvents] Created trigger ArcticCrypt at 15621 231.4 14845 ori: 0 0 0
2025-02-16T19:26:19Z [AreaTriggerEvents] Created trigger ArcticCrypt2 at 15640 258.6 14828 ori: 0 0 0
2025-02-16T19:26:19Z [AreaTriggerEvents] Created trigger ArcticCrypt3 at 15642 208.9 14788 ori: 0 0 0
2025-02-16T19:26:19Z [AreaTriggerEvents] Created trigger KMUCMain at 7059 573.5 11620 ori: 0 0 0
2025-02-16T19:26:19Z [AreaTriggerEvents] Created trigger KMUCMainBottom at 7249 224.8 11617 ori: 0 0 0
2025-02-16T19:26:19Z [AreaTriggerEvents] Created trigger TempleBridgeJump at 371 49.6 526 ori: 0 0 0
2025-02-16T19:26:19Z [AreaTriggerEvents] Created trigger TempleOutsideTop1 at 739.5 38 483 ori: 0 0 0
2025-02-16T19:26:19Z [AreaTriggerEvents] Created trigger TempleOutsideTop2 at 670 49.5 306 ori: 0 0 0
2025-02-16T19:26:19Z [AreaTriggerEvents] Created trigger TempleWolfTrap at 591 14.3 390 ori: 0 0 0
2025-02-16T19:26:19Z [AreaTriggerEvents] Created trigger TempleInside1 at 865 19.2 410 ori: 0 0 0
2025-02-16T19:26:19Z [AreaTriggerEvents] Created trigger TempleInside2 at 828 38 484 ori: 0 0 0
2025-02-16T19:26:19Z [AreaTriggerEvents] Created trigger TempleHammerTrigger at 366 54.3 868 ori: 0 0 0
2025-02-16T19:26:19Z [AreaTriggerEvents] Created trigger TemplePartB1 at 405 130 1517 ori: 0 0 0
2025-02-16T19:26:19Z [AreaTriggerEvents] Created trigger TemplePartB2 at 417 2.4 1591 ori: 0 0 0
2025-02-16T19:32:19Z [AreaTriggerEvents] Created trigger ArcticCrypt at 15621 231.4 14845 ori: 0 0 0
2025-02-16T19:32:19Z [AreaTriggerEvents] Created trigger ArcticCrypt2 at 15640 258.6 14828 ori: 0 0 0
2025-02-16T19:32:19Z [AreaTriggerEvents] Created trigger ArcticCrypt3 at 15642 208.9 14788 ori: 0 0 0
2025-02-16T19:32:19Z [AreaTriggerEvents] Created trigger KMUCMain at 7059 573.5 11620 ori: 0 0 0
2025-02-16T19:32:19Z [AreaTriggerEvents] Created trigger KMUCMainBottom at 7249 224.8 11617 ori: 0 0 0
2025-02-16T19:32:19Z [AreaTriggerEvents] Created trigger TempleBridgeJump at 371 49.6 526 ori: 0 0 0
2025-02-16T19:32:19Z [AreaTriggerEvents] Created trigger TempleOutsideTop1 at 739.5 38 483 ori: 0 0 0
2025-02-16T19:32:19Z [AreaTriggerEvents] Created trigger TempleOutsideTop2 at 670 49.5 306 ori: 0 0 0
2025-02-16T19:32:19Z [AreaTriggerEvents] Created trigger TempleWolfTrap at 591 14.3 390 ori: 0 0 0
2025-02-16T19:32:19Z [AreaTriggerEvents] Created trigger TempleInside1 at 865 19.2 410 ori: 0 0 0
2025-02-16T19:32:19Z [AreaTriggerEvents] Created trigger TempleInside2 at 828 38 484 ori: 0 0 0
2025-02-16T19:32:19Z [AreaTriggerEvents] Created trigger TempleHammerTrigger at 366 54.3 868 ori: 0 0 0
2025-02-16T19:32:19Z [AreaTriggerEvents] Created trigger TemplePartB1 at 405 130 1517 ori: 0 0 0
2025-02-16T19:32:19Z [AreaTriggerEvents] Created trigger TemplePartB2 at 417 2.4 1591 ori: 0 0 0
2025-02-16T19:33:57Z [AreaTriggerEvents] Created trigger ArcticCrypt at 15621 231.4 14845 ori: 0 0 0
2025-02-16T19:33:57Z [AreaTriggerEvents] Created trigger ArcticCrypt2 at 15640 258.6 14828 ori: 0 0 0
2025-02-16T19:33:57Z [AreaTriggerEvents] Created trigger ArcticCrypt3 at 15642 208.9 14788 ori: 0 0 0
2025-02-16T19:33:57Z [AreaTriggerEvents] Created trigger KMUCMain at 7059 573.5 11620 ori: 0 0 0
2025-02-16T19:33:57Z [AreaTriggerEvents] Created trigger KMUCMainBottom at 7249 224.8 11617 ori: 0 0 0
2025-02-16T19:33:57Z [AreaTriggerEvents] Created trigger TempleBridgeJump at 371 49.6 526 ori: 0 0 0
2025-02-16T19:33:57Z [AreaTriggerEvents] Created trigger TempleOutsideTop1 at 739.5 38 483 ori: 0 0 0
2025-02-16T19:33:57Z [AreaTriggerEvents] Created trigger TempleOutsideTop2 at 670 49.5 306 ori: 0 0 0
2025-02-16T19:33:57Z [AreaTriggerEvents] Created trigger TempleWolfTrap at 591 14.3 390 ori: 0 0 0
2025-02-16T19:33:57Z [AreaTriggerEvents] Created trigger TempleInside1 at 865 19.2 410 ori: 0 0 0
2025-02-16T19:33:57Z [AreaTriggerEvents] Created trigger TempleInside2 at 828 38 484 ori: 0 0 0
2025-02-16T19:33:57Z [AreaTriggerEvents] Created trigger TempleHammerTrigger at 366 54.3 868 ori: 0 0 0
2025-02-16T19:33:57Z [AreaTriggerEvents] Created trigger TemplePartB1 at 405 130 1517 ori: 0 0 0
2025-02-16T19:33:57Z [AreaTriggerEvents] Created trigger TemplePartB2 at 417 2.4 1591 ori: 0 0 0
2025-02-16T19:43:36Z [AreaTriggerEvents] Created trigger ArcticCrypt at 15621 231.4 14845 ori: 0 0 0
2025-02-16T19:43:36Z [AreaTriggerEvents] Created trigger ArcticCrypt2 at 15640 258.6 14828 ori: 0 0 0
2025-02-16T19:43:36Z [AreaTriggerEvents] Created trigger ArcticCrypt3 at 15642 208.9 14788 ori: 0 0 0
2025-02-16T19:43:36Z [AreaTriggerEvents] Created trigger KMUCMain at 7059 573.5 11620 ori: 0 0 0
2025-02-16T19:43:36Z [AreaTriggerEvents] Created trigger KMUCMainBottom at 7249 224.8 11617 ori: 0 0 0
2025-02-16T19:43:36Z [AreaTriggerEvents] Created trigger TempleBridgeJump at 371 49.6 526 ori: 0 0 0
2025-02-16T19:43:36Z [AreaTriggerEvents] Created trigger TempleOutsideTop1 at 739.5 38 483 ori: 0 0 0
2025-02-16T19:43:36Z [AreaTriggerEvents] Created trigger TempleOutsideTop2 at 670 49.5 306 ori: 0 0 0
2025-02-16T19:43:36Z [AreaTriggerEvents] Created trigger TempleWolfTrap at 591 14.3 390 ori: 0 0 0
2025-02-16T19:43:36Z [AreaTriggerEvents] Created trigger TempleInside1 at 865 19.2 410 ori: 0 0 0
2025-02-16T19:43:36Z [AreaTriggerEvents] Created trigger TempleInside2 at 828 38 484 ori: 0 0 0
2025-02-16T19:43:36Z [AreaTriggerEvents] Created trigger TempleHammerTrigger at 366 54.3 868 ori: 0 0 0
2025-02-16T19:43:36Z [AreaTriggerEvents] Created trigger TemplePartB1 at 405 130 1517 ori: 0 0 0
2025-02-16T19:43:36Z [AreaTriggerEvents] Created trigger TemplePartB2 at 417 2.4 1591 ori: 0 0 0
2025-02-16T19:47:26Z [AreaTriggerEvents] Created trigger ArcticCrypt at 15621 231.4 14845 ori: 0 0 0
2025-02-16T19:47:26Z [AreaTriggerEvents] Created trigger ArcticCrypt2 at 15640 258.6 14828 ori: 0 0 0
2025-02-16T19:47:26Z [AreaTriggerEvents] Created trigger ArcticCrypt3 at 15642 208.9 14788 ori: 0 0 0
2025-02-16T19:47:26Z [AreaTriggerEvents] Created trigger KMUCMain at 7059 573.5 11620 ori: 0 0 0
2025-02-16T19:47:26Z [AreaTriggerEvents] Created trigger KMUCMainBottom at 7249 224.8 11617 ori: 0 0 0
2025-02-16T19:47:26Z [AreaTriggerEvents] Created trigger TempleBridgeJump at 371 49.6 526 ori: 0 0 0
2025-02-16T19:47:26Z [AreaTriggerEvents] Created trigger TempleOutsideTop1 at 739.5 38 483 ori: 0 0 0
2025-02-16T19:47:26Z [AreaTriggerEvents] Created trigger TempleOutsideTop2 at 670 49.5 306 ori: 0 0 0
2025-02-16T19:47:26Z [AreaTriggerEvents] Created trigger TempleWolfTrap at 591 14.3 390 ori: 0 0 0
2025-02-16T19:47:26Z [AreaTriggerEvents] Created trigger TempleInside1 at 865 19.2 410 ori: 0 0 0
2025-02-16T19:47:26Z [AreaTriggerEvents] Created trigger TempleInside2 at 828 38 484 ori: 0 0 0
2025-02-16T19:47:26Z [AreaTriggerEvents] Created trigger TempleHammerTrigger at 366 54.3 868 ori: 0 0 0
2025-02-16T19:47:26Z [AreaTriggerEvents] Created trigger TemplePartB1 at 405 130 1517 ori: 0 0 0
2025-02-16T19:47:26Z [AreaTriggerEvents] Created trigger TemplePartB2 at 417 2.4 1591 ori: 0 0 0
2025-02-16T19:48:37Z [AreaTriggerEvents] Created trigger ArcticCrypt at 15621 231.4 14845 ori: 0 0 0
2025-02-16T19:48:37Z [AreaTriggerEvents] Created trigger ArcticCrypt2 at 15640 258.6 14828 ori: 0 0 0
2025-02-16T19:48:37Z [AreaTriggerEvents] Created trigger ArcticCrypt3 at 15642 208.9 14788 ori: 0 0 0
2025-02-16T19:48:37Z [AreaTriggerEvents] Created trigger KMUCMain at 7059 573.5 11620 ori: 0 0 0
2025-02-16T19:48:37Z [AreaTriggerEvents] Created trigger KMUCMainBottom at 7249 224.8 11617 ori: 0 0 0
2025-02-16T19:48:37Z [AreaTriggerEvents] Created trigger TempleBridgeJump at 371 49.6 526 ori: 0 0 0
2025-02-16T19:48:37Z [AreaTriggerEvents] Created trigger TempleOutsideTop1 at 739.5 38 483 ori: 0 0 0
2025-02-16T19:48:37Z [AreaTriggerEvents] Created trigger TempleOutsideTop2 at 670 49.5 306 ori: 0 0 0
2025-02-16T19:48:37Z [AreaTriggerEvents] Created trigger TempleWolfTrap at 591 14.3 390 ori: 0 0 0
2025-02-16T19:48:37Z [AreaTriggerEvents] Created trigger TempleInside1 at 865 19.2 410 ori: 0 0 0
2025-02-16T19:48:37Z [AreaTriggerEvents] Created trigger TempleInside2 at 828 38 484 ori: 0 0 0
2025-02-16T19:48:37Z [AreaTriggerEvents] Created trigger TempleHammerTrigger at 366 54.3 868 ori: 0 0 0
2025-02-16T19:48:37Z [AreaTriggerEvents] Created trigger TemplePartB1 at 405 130 1517 ori: 0 0 0
2025-02-16T19:48:37Z [AreaTriggerEvents] Created trigger TemplePartB2 at 417 2.4 1591 ori: 0 0 0
2025-02-16T20:00:06Z [AreaTriggerEvents] Created trigger ArcticCrypt at 15621 231.4 14845 ori: 0 0 0
2025-02-16T20:00:06Z [AreaTriggerEvents] Created trigger ArcticCrypt2 at 15640 258.6 14828 ori: 0 0 0
2025-02-16T20:00:06Z [AreaTriggerEvents] Created trigger ArcticCrypt3 at 15642 208.9 14788 ori: 0 0 0
2025-02-16T20:00:06Z [AreaTriggerEvents] Created trigger KMUCMain at 7059 573.5 11620 ori: 0 0 0
2025-02-16T20:00:06Z [AreaTriggerEvents] Created trigger KMUCMainBottom at 7249 224.8 11617 ori: 0 0 0
2025-02-16T20:00:06Z [AreaTriggerEvents] Created trigger TempleBridgeJump at 371 49.6 526 ori: 0 0 0
2025-02-16T20:00:06Z [AreaTriggerEvents] Created trigger TempleOutsideTop1 at 739.5 38 483 ori: 0 0 0
2025-02-16T20:00:06Z [AreaTriggerEvents] Created trigger TempleOutsideTop2 at 670 49.5 306 ori: 0 0 0
2025-02-16T20:00:06Z [AreaTriggerEvents] Created trigger TempleWolfTrap at 591 14.3 390 ori: 0 0 0
2025-02-16T20:00:06Z [AreaTriggerEvents] Created trigger TempleInside1 at 865 19.2 410 ori: 0 0 0
2025-02-16T20:00:06Z [AreaTriggerEvents] Created trigger TempleInside2 at 828 38 484 ori: 0 0 0
2025-02-16T20:00:06Z [AreaTriggerEvents] Created trigger TempleHammerTrigger at 366 54.3 868 ori: 0 0 0
2025-02-16T20:00:06Z [AreaTriggerEvents] Created trigger TemplePartB1 at 405 130 1517 ori: 0 0 0
2025-02-16T20:00:06Z [AreaTriggerEvents] Created trigger TemplePartB2 at 417 2.4 1591 ori: 0 0 0
2025-02-16T20:06:48Z [AreaTriggerEvents] Created trigger ArcticCrypt at 15621 231.4 14845 ori: 0 0 0
2025-02-16T20:06:48Z [AreaTriggerEvents] Created trigger ArcticCrypt2 at 15640 258.6 14828 ori: 0 0 0
2025-02-16T20:06:48Z [AreaTriggerEvents] Created trigger ArcticCrypt3 at 15642 208.9 14788 ori: 0 0 0
2025-02-16T20:06:48Z [AreaTriggerEvents] Created trigger KMUCMain at 7059 573.5 11620 ori: 0 0 0
2025-02-16T20:06:48Z [AreaTriggerEvents] Created trigger KMUCMainBottom at 7249 224.8 11617 ori: 0 0 0
2025-02-16T20:06:48Z [AreaTriggerEvents] Created trigger TempleBridgeJump at 371 49.6 526 ori: 0 0 0
2025-02-16T20:06:48Z [AreaTriggerEvents] Created trigger TempleOutsideTop1 at 739.5 38 483 ori: 0 0 0
2025-02-16T20:06:48Z [AreaTriggerEvents] Created trigger TempleOutsideTop2 at 670 49.5 306 ori: 0 0 0
2025-02-16T20:06:48Z [AreaTriggerEvents] Created trigger TempleWolfTrap at 591 14.3 390 ori: 0 0 0
2025-02-16T20:06:48Z [AreaTriggerEvents] Created trigger TempleInside1 at 865 19.2 410 ori: 0 0 0
2025-02-16T20:06:48Z [AreaTriggerEvents] Created trigger TempleInside2 at 828 38 484 ori: 0 0 0
2025-02-16T20:06:48Z [AreaTriggerEvents] Created trigger TempleHammerTrigger at 366 54.3 868 ori: 0 0 0
2025-02-16T20:06:48Z [AreaTriggerEvents] Created trigger TemplePartB1 at 405 130 1517 ori: 0 0 0
2025-02-16T20:06:48Z [AreaTriggerEvents] Created trigger TemplePartB2 at 417 2.4 1591 ori: 0 0 0
2025-02-16T20:07:29Z [AreaTriggerEvents] Created trigger ArcticCrypt at 15621 231.4 14845 ori: 0 0 0
2025-02-16T20:07:29Z [AreaTriggerEvents] Created trigger ArcticCrypt2 at 15640 258.6 14828 ori: 0 0 0
2025-02-16T20:07:29Z [AreaTriggerEvents] Created trigger ArcticCrypt3 at 15642 208.9 14788 ori: 0 0 0
2025-02-16T20:07:29Z [AreaTriggerEvents] Created trigger KMUCMain at 7059 573.5 11620 ori: 0 0 0
2025-02-16T20:07:29Z [AreaTriggerEvents] Created trigger KMUCMainBottom at 7249 224.8 11617 ori: 0 0 0
2025-02-16T20:07:29Z [AreaTriggerEvents] Created trigger TempleBridgeJump at 371 49.6 526 ori: 0 0 0
2025-02-16T20:07:29Z [AreaTriggerEvents] Created trigger TempleOutsideTop1 at 739.5 38 483 ori: 0 0 0
2025-02-16T20:07:29Z [AreaTriggerEvents] Created trigger TempleOutsideTop2 at 670 49.5 306 ori: 0 0 0
2025-02-16T20:07:29Z [AreaTriggerEvents] Created trigger TempleWolfTrap at 591 14.3 390 ori: 0 0 0
2025-02-16T20:07:29Z [AreaTriggerEvents] Created trigger TempleInside1 at 865 19.2 410 ori: 0 0 0
2025-02-16T20:07:29Z [AreaTriggerEvents] Created trigger TempleInside2 at 828 38 484 ori: 0 0 0
2025-02-16T20:07:29Z [AreaTriggerEvents] Created trigger TempleHammerTrigger at 366 54.3 868 ori: 0 0 0
2025-02-16T20:07:29Z [AreaTriggerEvents] Created trigger TemplePartB1 at 405 130 1517 ori: 0 0 0
2025-02-16T20:07:29Z [AreaTriggerEvents] Created trigger TemplePartB2 at 417 2.4 1591 ori: 0 0 0
2025-02-16T20:23:55Z [AreaTriggerEvents] Created trigger ArcticCrypt at 15621 231.4 14845 ori: 0 0 0
2025-02-16T20:23:55Z [AreaTriggerEvents] Created trigger ArcticCrypt2 at 15640 258.6 14828 ori: 0 0 0
2025-02-16T20:23:55Z [AreaTriggerEvents] Created trigger ArcticCrypt3 at 15642 208.9 14788 ori: 0 0 0
2025-02-16T20:23:55Z [AreaTriggerEvents] Created trigger KMUCMain at 7059 573.5 11620 ori: 0 0 0
2025-02-16T20:23:55Z [AreaTriggerEvents] Created trigger KMUCMainBottom at 7249 224.8 11617 ori: 0 0 0
2025-02-16T20:23:55Z [AreaTriggerEvents] Created trigger TempleBridgeJump at 371 49.6 526 ori: 0 0 0
2025-02-16T20:23:55Z [AreaTriggerEvents] Created trigger TempleOutsideTop1 at 739.5 38 483 ori: 0 0 0
2025-02-16T20:23:55Z [AreaTriggerEvents] Created trigger TempleOutsideTop2 at 670 49.5 306 ori: 0 0 0
2025-02-16T20:23:55Z [AreaTriggerEvents] Created trigger TempleWolfTrap at 591 14.3 390 ori: 0 0 0
2025-02-16T20:23:55Z [AreaTriggerEvents] Created trigger TempleInside1 at 865 19.2 410 ori: 0 0 0
2025-02-16T20:23:55Z [AreaTriggerEvents] Created trigger TempleInside2 at 828 38 484 ori: 0 0 0
2025-02-16T20:23:55Z [AreaTriggerEvents] Created trigger TempleHammerTrigger at 366 54.3 868 ori: 0 0 0
2025-02-16T20:23:55Z [AreaTriggerEvents] Created trigger TemplePartB1 at 405 130 1517 ori: 0 0 0
2025-02-16T20:23:55Z [AreaTriggerEvents] Created trigger TemplePartB2 at 417 2.4 1591 ori: 0 0 0
2025-02-16T20:31:11Z [AreaTriggerEvents] Created trigger ArcticCrypt at 15621 231.4 14845 ori: 0 0 0
2025-02-16T20:31:11Z [AreaTriggerEvents] Created trigger ArcticCrypt2 at 15640 258.6 14828 ori: 0 0 0
2025-02-16T20:31:11Z [AreaTriggerEvents] Created trigger ArcticCrypt3 at 15642 208.9 14788 ori: 0 0 0
2025-02-16T20:31:11Z [AreaTriggerEvents] Created trigger KMUCMain at 7059 573.5 11620 ori: 0 0 0
2025-02-16T20:31:11Z [AreaTriggerEvents] Created trigger KMUCMainBottom at 7249 224.8 11617 ori: 0 0 0
2025-02-16T20:31:11Z [AreaTriggerEvents] Created trigger TempleBridgeJump at 371 49.6 526 ori: 0 0 0
2025-02-16T20:31:11Z [AreaTriggerEvents] Created trigger TempleOutsideTop1 at 739.5 38 483 ori: 0 0 0
2025-02-16T20:31:11Z [AreaTriggerEvents] Created trigger TempleOutsideTop2 at 670 49.5 306 ori: 0 0 0
2025-02-16T20:31:11Z [AreaTriggerEvents] Created trigger TempleWolfTrap at 591 14.3 390 ori: 0 0 0
2025-02-16T20:31:11Z [AreaTriggerEvents] Created trigger TempleInside1 at 865 19.2 410 ori: 0 0 0
2025-02-16T20:31:11Z [AreaTriggerEvents] Created trigger TempleInside2 at 828 38 484 ori: 0 0 0
2025-02-16T20:31:11Z [AreaTriggerEvents] Created trigger TempleHammerTrigger at 366 54.3 868 ori: 0 0 0
2025-02-16T20:31:11Z [AreaTriggerEvents] Created trigger TemplePartB1 at 405 130 1517 ori: 0 0 0
2025-02-16T20:31:11Z [AreaTriggerEvents] Created trigger TemplePartB2 at 417 2.4 1591 ori: 0 0 0
2025-02-16T20:35:55Z [AreaTriggerEvents] Created trigger ArcticCrypt at 15621 231.4 14845 ori: 0 0 0
2025-02-16T20:35:55Z [AreaTriggerEvents] Created trigger ArcticCrypt2 at 15640 258.6 14828 ori: 0 0 0
2025-02-16T20:35:55Z [AreaTriggerEvents] Created trigger ArcticCrypt3 at 15642 208.9 14788 ori: 0 0 0
2025-02-16T20:35:55Z [AreaTriggerEvents] Created trigger KMUCMain at 7059 573.5 11620 ori: 0 0 0
2025-02-16T20:35:55Z [AreaTriggerEvents] Created trigger KMUCMainBottom at 7249 224.8 11617 ori: 0 0 0
2025-02-16T20:35:55Z [AreaTriggerEvents] Created trigger TempleBridgeJump at 371 49.6 526 ori: 0 0 0
2025-02-16T20:35:55Z [AreaTriggerEvents] Created trigger TempleOutsideTop1 at 739.5 38 483 ori: 0 0 0
2025-02-16T20:35:55Z [AreaTriggerEvents] Created trigger TempleOutsideTop2 at 670 49.5 306 ori: 0 0 0
2025-02-16T20:35:55Z [AreaTriggerEvents] Created trigger TempleWolfTrap at 591 14.3 390 ori: 0 0 0
2025-02-16T20:35:55Z [AreaTriggerEvents] Created trigger TempleInside1 at 865 19.2 410 ori: 0 0 0
2025-02-16T20:35:55Z [AreaTriggerEvents] Created trigger TempleInside2 at 828 38 484 ori: 0 0 0
2025-02-16T20:35:55Z [AreaTriggerEvents] Created trigger TempleHammerTrigger at 366 54.3 868 ori: 0 0 0
2025-02-16T20:35:55Z [AreaTriggerEvents] Created trigger TemplePartB1 at 405 130 1517 ori: 0 0 0
2025-02-16T20:35:55Z [AreaTriggerEvents] Created trigger TemplePartB2 at 417 2.4 1591 ori: 0 0 0
2025-02-16T20:43:55Z [AreaTriggerEvents] Created trigger ArcticCrypt at 15621 231.4 14845 ori: 0 0 0
2025-02-16T20:43:55Z [AreaTriggerEvents] Created trigger ArcticCrypt2 at 15640 258.6 14828 ori: 0 0 0
2025-02-16T20:43:55Z [AreaTriggerEvents] Created trigger ArcticCrypt3 at 15642 208.9 14788 ori: 0 0 0
2025-02-16T20:43:55Z [AreaTriggerEvents] Created trigger KMUCMain at 7059 573.5 11620 ori: 0 0 0
2025-02-16T20:43:55Z [AreaTriggerEvents] Created trigger KMUCMainBottom at 7249 224.8 11617 ori: 0 0 0
2025-02-16T20:43:55Z [AreaTriggerEvents] Created trigger TempleBridgeJump at 371 49.6 526 ori: 0 0 0
2025-02-16T20:43:55Z [AreaTriggerEvents] Created trigger TempleOutsideTop1 at 739.5 38 483 ori: 0 0 0
2025-02-16T20:43:55Z [AreaTriggerEvents] Created trigger TempleOutsideTop2 at 670 49.5 306 ori: 0 0 0
2025-02-16T20:43:55Z [AreaTriggerEvents] Created trigger TempleWolfTrap at 591 14.3 390 ori: 0 0 0
2025-02-16T20:43:55Z [AreaTriggerEvents] Created trigger TempleInside1 at 865 19.2 410 ori: 0 0 0
2025-02-16T20:43:55Z [AreaTriggerEvents] Created trigger TempleInside2 at 828 38 484 ori: 0 0 0
2025-02-16T20:43:55Z [AreaTriggerEvents] Created trigger TempleHammerTrigger at 366 54.3 868 ori: 0 0 0
2025-02-16T20:43:55Z [AreaTriggerEvents] Created trigger TemplePartB1 at 405 130 1517 ori: 0 0 0
2025-02-16T20:43:55Z [AreaTriggerEvents] Created trigger TemplePartB2 at 417 2.4 1591 ori: 0 0 0
2025-02-16T20:44:50Z [AreaTriggerEvents] Created trigger ArcticCrypt at 15621 231.4 14845 ori: 0 0 0
2025-02-16T20:44:50Z [AreaTriggerEvents] Created trigger ArcticCrypt2 at 15640 258.6 14828 ori: 0 0 0
2025-02-16T20:44:50Z [AreaTriggerEvents] Created trigger ArcticCrypt3 at 15642 208.9 14788 ori: 0 0 0
2025-02-16T20:44:50Z [AreaTriggerEvents] Created trigger KMUCMain at 7059 573.5 11620 ori: 0 0 0
2025-02-16T20:44:50Z [AreaTriggerEvents] Created trigger KMUCMainBottom at 7249 224.8 11617 ori: 0 0 0
2025-02-16T20:44:50Z [AreaTriggerEvents] Created trigger TempleBridgeJump at 371 49.6 526 ori: 0 0 0
2025-02-16T20:44:50Z [AreaTriggerEvents] Created trigger TempleOutsideTop1 at 739.5 38 483 ori: 0 0 0
2025-02-16T20:44:50Z [AreaTriggerEvents] Created trigger TempleOutsideTop2 at 670 49.5 306 ori: 0 0 0
2025-02-16T20:44:50Z [AreaTriggerEvents] Created trigger TempleWolfTrap at 591 14.3 390 ori: 0 0 0
2025-02-16T20:44:50Z [AreaTriggerEvents] Created trigger TempleInside1 at 865 19.2 410 ori: 0 0 0
2025-02-16T20:44:50Z [AreaTriggerEvents] Created trigger TempleInside2 at 828 38 484 ori: 0 0 0
2025-02-16T20:44:50Z [AreaTriggerEvents] Created trigger TempleHammerTrigger at 366 54.3 868 ori: 0 0 0
2025-02-16T20:44:50Z [AreaTriggerEvents] Created trigger TemplePartB1 at 405 130 1517 ori: 0 0 0
2025-02-16T20:44:50Z [AreaTriggerEvents] Created trigger TemplePartB2 at 417 2.4 1591 ori: 0 0 0
2025-02-16T20:50:51Z [AreaTriggerEvents] Created trigger ArcticCrypt at 15621 231.4 14845 ori: 0 0 0
2025-02-16T20:50:51Z [AreaTriggerEvents] Created trigger ArcticCrypt2 at 15640 258.6 14828 ori: 0 0 0
2025-02-16T20:50:51Z [AreaTriggerEvents] Created trigger ArcticCrypt3 at 15642 208.9 14788 ori: 0 0 0
2025-02-16T20:50:51Z [AreaTriggerEvents] Created trigger KMUCMain at 7059 573.5 11620 ori: 0 0 0
2025-02-16T20:50:51Z [AreaTriggerEvents] Created trigger KMUCMainBottom at 7249 224.8 11617 ori: 0 0 0
2025-02-16T20:50:51Z [AreaTriggerEvents] Created trigger TempleBridgeJump at 371 49.6 526 ori: 0 0 0
2025-02-16T20:50:51Z [AreaTriggerEvents] Created trigger TempleOutsideTop1 at 739.5 38 483 ori: 0 0 0
2025-02-16T20:50:51Z [AreaTriggerEvents] Created trigger TempleOutsideTop2 at 670 49.5 306 ori: 0 0 0
2025-02-16T20:50:51Z [AreaTriggerEvents] Created trigger TempleWolfTrap at 591 14.3 390 ori: 0 0 0
2025-02-16T20:50:51Z [AreaTriggerEvents] Created trigger TempleInside1 at 865 19.2 410 ori: 0 0 0
2025-02-16T20:50:51Z [AreaTriggerEvents] Created trigger TempleInside2 at 828 38 484 ori: 0 0 0
2025-02-16T20:50:51Z [AreaTriggerEvents] Created trigger TempleHammerTrigger at 366 54.3 868 ori: 0 0 0
2025-02-16T20:50:51Z [AreaTriggerEvents] Created trigger TemplePartB1 at 405 130 1517 ori: 0 0 0
2025-02-16T20:50:51Z [AreaTriggerEvents] Created trigger TemplePartB2 at 417 2.4 1591 ori: 0 0 0
2025-02-16T20:53:01Z [AreaTriggerEvents] Created trigger ArcticCrypt at 15621 231.4 14845 ori: 0 0 0
2025-02-16T20:53:01Z [AreaTriggerEvents] Created trigger ArcticCrypt2 at 15640 258.6 14828 ori: 0 0 0
2025-02-16T20:53:01Z [AreaTriggerEvents] Created trigger ArcticCrypt3 at 15642 208.9 14788 ori: 0 0 0
2025-02-16T20:53:01Z [AreaTriggerEvents] Created trigger KMUCMain at 7059 573.5 11620 ori: 0 0 0
2025-02-16T20:53:01Z [AreaTriggerEvents] Created trigger KMUCMainBottom at 7249 224.8 11617 ori: 0 0 0
2025-02-16T20:53:01Z [AreaTriggerEvents] Created trigger TempleBridgeJump at 371 49.6 526 ori: 0 0 0
2025-02-16T20:53:01Z [AreaTriggerEvents] Created trigger TempleOutsideTop1 at 739.5 38 483 ori: 0 0 0
2025-02-16T20:53:01Z [AreaTriggerEvents] Created trigger TempleOutsideTop2 at 670 49.5 306 ori: 0 0 0
2025-02-16T20:53:01Z [AreaTriggerEvents] Created trigger TempleWolfTrap at 591 14.3 390 ori: 0 0 0
2025-02-16T20:53:01Z [AreaTriggerEvents] Created trigger TempleInside1 at 865 19.2 410 ori: 0 0 0
2025-02-16T20:53:01Z [AreaTriggerEvents] Created trigger TempleInside2 at 828 38 484 ori: 0 0 0
2025-02-16T20:53:01Z [AreaTriggerEvents] Created trigger TempleHammerTrigger at 366 54.3 868 ori: 0 0 0
2025-02-16T20:53:01Z [AreaTriggerEvents] Created trigger TemplePartB1 at 405 130 1517 ori: 0 0 0
2025-02-16T20:53:01Z [AreaTriggerEvents] Created trigger TemplePartB2 at 417 2.4 1591 ori: 0 0 0
2025-02-16T21:27:42Z [AreaTriggerEvents] Created trigger ArcticCrypt at 15621 231.4 14845 ori: 0 0 0
2025-02-16T21:27:42Z [AreaTriggerEvents] Created trigger ArcticCrypt2 at 15640 258.6 14828 ori: 0 0 0
2025-02-16T21:27:42Z [AreaTriggerEvents] Created trigger ArcticCrypt3 at 15642 208.9 14788 ori: 0 0 0
2025-02-16T21:27:42Z [AreaTriggerEvents] Created trigger KMUCMain at 7059 573.5 11620 ori: 0 0 0
2025-02-16T21:27:42Z [AreaTriggerEvents] Created trigger KMUCMainBottom at 7249 224.8 11617 ori: 0 0 0
2025-02-16T21:27:42Z [AreaTriggerEvents] Created trigger TempleBridgeJump at 371 49.6 526 ori: 0 0 0
2025-02-16T21:27:42Z [AreaTriggerEvents] Created trigger TempleOutsideTop1 at 739.5 38 483 ori: 0 0 0
2025-02-16T21:27:42Z [AreaTriggerEvents] Created trigger TempleOutsideTop2 at 670 49.5 306 ori: 0 0 0
2025-02-16T21:27:42Z [AreaTriggerEvents] Created trigger TempleWolfTrap at 591 14.3 390 ori: 0 0 0
2025-02-16T21:27:42Z [AreaTriggerEvents] Created trigger TempleInside1 at 865 19.2 410 ori: 0 0 0
2025-02-16T21:27:42Z [AreaTriggerEvents] Created trigger TempleInside2 at 828 38 484 ori: 0 0 0
2025-02-16T21:27:42Z [AreaTriggerEvents] Created trigger TempleHammerTrigger at 366 54.3 868 ori: 0 0 0
2025-02-16T21:27:42Z [AreaTriggerEvents] Created trigger TemplePartB1 at 405 130 1517 ori: 0 0 0
2025-02-16T21:27:42Z [AreaTriggerEvents] Created trigger TemplePartB2 at 417 2.4 1591 ori: 0 0 0
2025-02-16T22:01:35Z [AreaTriggerEvents] Created trigger ArcticCrypt at 15621 231.4 14845 ori: 0 0 0
2025-02-16T22:01:35Z [AreaTriggerEvents] Created trigger ArcticCrypt2 at 15640 258.6 14828 ori: 0 0 0
2025-02-16T22:01:35Z [AreaTriggerEvents] Created trigger ArcticCrypt3 at 15642 208.9 14788 ori: 0 0 0
2025-02-16T22:01:35Z [AreaTriggerEvents] Created trigger KMUCMain at 7059 573.5 11620 ori: 0 0 0
2025-02-16T22:01:35Z [AreaTriggerEvents] Created trigger KMUCMainBottom at 7249 224.8 11617 ori: 0 0 0
2025-02-16T22:01:35Z [AreaTriggerEvents] Created trigger TempleBridgeJump at 371 49.6 526 ori: 0 0 0
2025-02-16T22:01:35Z [AreaTriggerEvents] Created trigger TempleOutsideTop1 at 739.5 38 483 ori: 0 0 0
2025-02-16T22:01:35Z [AreaTriggerEvents] Created trigger TempleOutsideTop2 at 670 49.5 306 ori: 0 0 0
2025-02-16T22:01:35Z [AreaTriggerEvents] Created trigger TempleWolfTrap at 591 14.3 390 ori: 0 0 0
2025-02-16T22:01:35Z [AreaTriggerEvents] Created trigger TempleInside1 at 865 19.2 410 ori: 0 0 0
2025-02-16T22:01:35Z [AreaTriggerEvents] Created trigger TempleInside2 at 828 38 484 ori: 0 0 0
2025-02-16T22:01:35Z [AreaTriggerEvents] Created trigger TempleHammerTrigger at 366 54.3 868 ori: 0 0 0
2025-02-16T22:01:35Z [AreaTriggerEvents] Created trigger TemplePartB1 at 405 130 1517 ori: 0 0 0
2025-02-16T22:01:35Z [AreaTriggerEvents] Created trigger TemplePartB2 at 417 2.4 1591 ori: 0 0 0
2025-02-16T22:03:10Z [AreaTriggerEvents] Created trigger ArcticCrypt at 15621 231.4 14845 ori: 0 0 0
2025-02-16T22:03:10Z [AreaTriggerEvents] Created trigger ArcticCrypt2 at 15640 258.6 14828 ori: 0 0 0
2025-02-16T22:03:10Z [AreaTriggerEvents] Created trigger ArcticCrypt3 at 15642 208.9 14788 ori: 0 0 0
2025-02-16T22:03:10Z [AreaTriggerEvents] Created trigger KMUCMain at 7059 573.5 11620 ori: 0 0 0
2025-02-16T22:03:10Z [AreaTriggerEvents] Created trigger KMUCMainBottom at 7249 224.8 11617 ori: 0 0 0
2025-02-16T22:03:10Z [AreaTriggerEvents] Created trigger TempleBridgeJump at 371 49.6 526 ori: 0 0 0
2025-02-16T22:03:10Z [AreaTriggerEvents] Created trigger TempleOutsideTop1 at 739.5 38 483 ori: 0 0 0
2025-02-16T22:03:10Z [AreaTriggerEvents] Created trigger TempleOutsideTop2 at 670 49.5 306 ori: 0 0 0
2025-02-16T22:03:10Z [AreaTriggerEvents] Created trigger TempleWolfTrap at 591 14.3 390 ori: 0 0 0
2025-02-16T22:03:10Z [AreaTriggerEvents] Created trigger TempleInside1 at 865 19.2 410 ori: 0 0 0
2025-02-16T22:03:10Z [AreaTriggerEvents] Created trigger TempleInside2 at 828 38 484 ori: 0 0 0
2025-02-16T22:03:10Z [AreaTriggerEvents] Created trigger TempleHammerTrigger at 366 54.3 868 ori: 0 0 0
2025-02-16T22:03:10Z [AreaTriggerEvents] Created trigger TemplePartB1 at 405 130 1517 ori: 0 0 0
2025-02-16T22:03:10Z [AreaTriggerEvents] Created trigger TemplePartB2 at 417 2.4 1591 ori: 0 0 0
2025-02-16T22:03:32Z [AreaTriggerEvents] Created trigger ArcticCrypt at 15621 231.4 14845 ori: 0 0 0
2025-02-16T22:03:32Z [AreaTriggerEvents] Created trigger ArcticCrypt2 at 15640 258.6 14828 ori: 0 0 0
2025-02-16T22:03:32Z [AreaTriggerEvents] Created trigger ArcticCrypt3 at 15642 208.9 14788 ori: 0 0 0
2025-02-16T22:03:32Z [AreaTriggerEvents] Created trigger KMUCMain at 7059 573.5 11620 ori: 0 0 0
2025-02-16T22:03:32Z [AreaTriggerEvents] Created trigger KMUCMainBottom at 7249 224.8 11617 ori: 0 0 0
2025-02-16T22:03:32Z [AreaTriggerEvents] Created trigger TempleBridgeJump at 371 49.6 526 ori: 0 0 0
2025-02-16T22:03:32Z [AreaTriggerEvents] Created trigger TempleOutsideTop1 at 739.5 38 483 ori: 0 0 0
2025-02-16T22:03:32Z [AreaTriggerEvents] Created trigger TempleOutsideTop2 at 670 49.5 306 ori: 0 0 0
2025-02-16T22:03:32Z [AreaTriggerEvents] Created trigger TempleWolfTrap at 591 14.3 390 ori: 0 0 0
2025-02-16T22:03:32Z [AreaTriggerEvents] Created trigger TempleInside1 at 865 19.2 410 ori: 0 0 0
2025-02-16T22:03:32Z [AreaTriggerEvents] Created trigger TempleInside2 at 828 38 484 ori: 0 0 0
2025-02-16T22:03:32Z [AreaTriggerEvents] Created trigger TempleHammerTrigger at 366 54.3 868 ori: 0 0 0
2025-02-16T22:03:32Z [AreaTriggerEvents] Created trigger TemplePartB1 at 405 130 1517 ori: 0 0 0
2025-02-16T22:03:32Z [AreaTriggerEvents] Created trigger TemplePartB2 at 417 2.4 1591 ori: 0 0 0
2025-02-16T22:08:33Z [AreaTriggerEvents] Created trigger ArcticCrypt at 15621 231.4 14845 ori: 0 0 0
2025-02-16T22:08:33Z [AreaTriggerEvents] Created trigger ArcticCrypt2 at 15640 258.6 14828 ori: 0 0 0
2025-02-16T22:08:33Z [AreaTriggerEvents] Created trigger ArcticCrypt3 at 15642 208.9 14788 ori: 0 0 0
2025-02-16T22:08:33Z [AreaTriggerEvents] Created trigger KMUCMain at 7059 573.5 11620 ori: 0 0 0
2025-02-16T22:08:33Z [AreaTriggerEvents] Created trigger KMUCMainBottom at 7249 224.8 11617 ori: 0 0 0
2025-02-16T22:08:33Z [AreaTriggerEvents] Created trigger TempleBridgeJump at 371 49.6 526 ori: 0 0 0
2025-02-16T22:08:33Z [AreaTriggerEvents] Created trigger TempleOutsideTop1 at 739.5 38 483 ori: 0 0 0
2025-02-16T22:08:33Z [AreaTriggerEvents] Created trigger TempleOutsideTop2 at 670 49.5 306 ori: 0 0 0
2025-02-16T22:08:33Z [AreaTriggerEvents] Created trigger TempleWolfTrap at 591 14.3 390 ori: 0 0 0
2025-02-16T22:08:33Z [AreaTriggerEvents] Created trigger TempleInside1 at 865 19.2 410 ori: 0 0 0
2025-02-16T22:08:33Z [AreaTriggerEvents] Created trigger TempleInside2 at 828 38 484 ori: 0 0 0
2025-02-16T22:08:33Z [AreaTriggerEvents] Created trigger TempleHammerTrigger at 366 54.3 868 ori: 0 0 0
2025-02-16T22:08:33Z [AreaTriggerEvents] Created trigger TemplePartB1 at 405 130 1517 ori: 0 0 0
2025-02-16T22:08:33Z [AreaTriggerEvents] Created trigger TemplePartB2 at 417 2.4 1591 ori: 0 0 0
2025-02-16T22:14:36Z [AreaTriggerEvents] Created trigger ArcticCrypt at 15621 231.4 14845 ori: 0 0 0
2025-02-16T22:14:36Z [AreaTriggerEvents] Created trigger ArcticCrypt2 at 15640 258.6 14828 ori: 0 0 0
2025-02-16T22:14:36Z [AreaTriggerEvents] Created trigger ArcticCrypt3 at 15642 208.9 14788 ori: 0 0 0
2025-02-16T22:14:36Z [AreaTriggerEvents] Created trigger KMUCMain at 7059 573.5 11620 ori: 0 0 0
2025-02-16T22:14:36Z [AreaTriggerEvents] Created trigger KMUCMainBottom at 7249 224.8 11617 ori: 0 0 0
2025-02-16T22:14:36Z [AreaTriggerEvents] Created trigger TempleBridgeJump at 371 49.6 526 ori: 0 0 0
2025-02-16T22:14:36Z [AreaTriggerEvents] Created trigger TempleOutsideTop1 at 739.5 38 483 ori: 0 0 0
2025-02-16T22:14:36Z [AreaTriggerEvents] Created trigger TempleOutsideTop2 at 670 49.5 306 ori: 0 0 0
2025-02-16T22:14:36Z [AreaTriggerEvents] Created trigger TempleWolfTrap at 591 14.3 390 ori: 0 0 0
2025-02-16T22:14:36Z [AreaTriggerEvents] Created trigger TempleInside1 at 865 19.2 410 ori: 0 0 0
2025-02-16T22:14:36Z [AreaTriggerEvents] Created trigger TempleInside2 at 828 38 484 ori: 0 0 0
2025-02-16T22:14:36Z [AreaTriggerEvents] Created trigger TempleHammerTrigger at 366 54.3 868 ori: 0 0 0
2025-02-16T22:14:36Z [AreaTriggerEvents] Created trigger TemplePartB1 at 405 130 1517 ori: 0 0 0
2025-02-16T22:14:36Z [AreaTriggerEvents] Created trigger TemplePartB2 at 417 2.4 1591 ori: 0 0 0
2025-02-16T22:18:15Z [AreaTriggerEvents] Created trigger ArcticCrypt at 15621 231.4 14845 ori: 0 0 0
2025-02-16T22:18:15Z [AreaTriggerEvents] Created trigger ArcticCrypt2 at 15640 258.6 14828 ori: 0 0 0
2025-02-16T22:18:15Z [AreaTriggerEvents] Created trigger ArcticCrypt3 at 15642 208.9 14788 ori: 0 0 0
2025-02-16T22:18:15Z [AreaTriggerEvents] Created trigger KMUCMain at 7059 573.5 11620 ori: 0 0 0
2025-02-16T22:18:15Z [AreaTriggerEvents] Created trigger KMUCMainBottom at 7249 224.8 11617 ori: 0 0 0
2025-02-16T22:18:15Z [AreaTriggerEvents] Created trigger TempleBridgeJump at 371 49.6 526 ori: 0 0 0
2025-02-16T22:18:15Z [AreaTriggerEvents] Created trigger TempleOutsideTop1 at 739.5 38 483 ori: 0 0 0
2025-02-16T22:18:15Z [AreaTriggerEvents] Created trigger TempleOutsideTop2 at 670 49.5 306 ori: 0 0 0
2025-02-16T22:18:15Z [AreaTriggerEvents] Created trigger TempleWolfTrap at 591 14.3 390 ori: 0 0 0
2025-02-16T22:18:15Z [AreaTriggerEvents] Created trigger TempleInside1 at 865 19.2 410 ori: 0 0 0
2025-02-16T22:18:15Z [AreaTriggerEvents] Created trigger TempleInside2 at 828 38 484 ori: 0 0 0
2025-02-16T22:18:15Z [AreaTriggerEvents] Created trigger TempleHammerTrigger at 366 54.3 868 ori: 0 0 0
2025-02-16T22:18:15Z [AreaTriggerEvents] Created trigger TemplePartB1 at 405 130 1517 ori: 0 0 0
2025-02-16T22:18:15Z [AreaTriggerEvents] Created trigger TemplePartB2 at 417 2.4 1591 ori: 0 0 0
2025-02-16T22:21:49Z [AreaTriggerEvents] Created trigger ArcticCrypt at 15621 231.4 14845 ori: 0 0 0
2025-02-16T22:21:49Z [AreaTriggerEvents] Created trigger ArcticCrypt2 at 15640 258.6 14828 ori: 0 0 0
2025-02-16T22:21:49Z [AreaTriggerEvents] Created trigger ArcticCrypt3 at 15642 208.9 14788 ori: 0 0 0
2025-02-16T22:21:49Z [AreaTriggerEvents] Created trigger KMUCMain at 7059 573.5 11620 ori: 0 0 0
2025-02-16T22:21:49Z [AreaTriggerEvents] Created trigger KMUCMainBottom at 7249 224.8 11617 ori: 0 0 0
2025-02-16T22:21:49Z [AreaTriggerEvents] Created trigger TempleBridgeJump at 371 49.6 526 ori: 0 0 0
2025-02-16T22:21:49Z [AreaTriggerEvents] Created trigger TempleOutsideTop1 at 739.5 38 483 ori: 0 0 0
2025-02-16T22:21:49Z [AreaTriggerEvents] Created trigger TempleOutsideTop2 at 670 49.5 306 ori: 0 0 0
2025-02-16T22:21:49Z [AreaTriggerEvents] Created trigger TempleWolfTrap at 591 14.3 390 ori: 0 0 0
2025-02-16T22:21:49Z [AreaTriggerEvents] Created trigger TempleInside1 at 865 19.2 410 ori: 0 0 0
2025-02-16T22:21:49Z [AreaTriggerEvents] Created trigger TempleInside2 at 828 38 484 ori: 0 0 0
2025-02-16T22:21:49Z [AreaTriggerEvents] Created trigger TempleHammerTrigger at 366 54.3 868 ori: 0 0 0
2025-02-16T22:21:49Z [AreaTriggerEvents] Created trigger TemplePartB1 at 405 130 1517 ori: 0 0 0
2025-02-16T22:21:49Z [AreaTriggerEvents] Created trigger TemplePartB2 at 417 2.4 1591 ori: 0 0 0
2025-02-17T03:44:08Z [AreaTriggerEvents] Created trigger ArcticCrypt at 15621 231.4 14845 ori: 0 0 0
2025-02-17T03:44:08Z [AreaTriggerEvents] Created trigger ArcticCrypt2 at 15640 258.6 14828 ori: 0 0 0
2025-02-17T03:44:08Z [AreaTriggerEvents] Created trigger ArcticCrypt3 at 15642 208.9 14788 ori: 0 0 0
2025-02-17T03:44:08Z [AreaTriggerEvents] Created trigger KMUCMain at 7059 573.5 11620 ori: 0 0 0
2025-02-17T03:44:08Z [AreaTriggerEvents] Created trigger KMUCMainBottom at 7249 224.8 11617 ori: 0 0 0
2025-02-17T03:44:08Z [AreaTriggerEvents] Created trigger TempleBridgeJump at 371 49.6 526 ori: 0 0 0
2025-02-17T03:44:08Z [AreaTriggerEvents] Created trigger TempleOutsideTop1 at 739.5 38 483 ori: 0 0 0
2025-02-17T03:44:08Z [AreaTriggerEvents] Created trigger TempleOutsideTop2 at 670 49.5 306 ori: 0 0 0
2025-02-17T03:44:08Z [AreaTriggerEvents] Created trigger TempleWolfTrap at 591 14.3 390 ori: 0 0 0
2025-02-17T03:44:08Z [AreaTriggerEvents] Created trigger TempleInside1 at 865 19.2 410 ori: 0 0 0
2025-02-17T03:44:08Z [AreaTriggerEvents] Created trigger TempleInside2 at 828 38 484 ori: 0 0 0
2025-02-17T03:44:08Z [AreaTriggerEvents] Created trigger TempleHammerTrigger at 366 54.3 868 ori: 0 0 0
2025-02-17T03:44:08Z [AreaTriggerEvents] Created trigger TemplePartB1 at 405 130 1517 ori: 0 0 0
2025-02-17T03:44:08Z [AreaTriggerEvents] Created trigger TemplePartB2 at 417 2.4 1591 ori: 0 0 0
2025-02-17T18:20:58Z [AreaTriggerEvents] Created trigger ArcticCrypt at 15621 231.4 14845 ori: 0 0 0
2025-02-17T18:20:58Z [AreaTriggerEvents] Created trigger ArcticCrypt2 at 15640 258.6 14828 ori: 0 0 0
2025-02-17T18:20:58Z [AreaTriggerEvents] Created trigger ArcticCrypt3 at 15642 208.9 14788 ori: 0 0 0
2025-02-17T18:20:58Z [AreaTriggerEvents] Created trigger KMUCMain at 7059 573.5 11620 ori: 0 0 0
2025-02-17T18:20:58Z [AreaTriggerEvents] Created trigger KMUCMainBottom at 7249 224.8 11617 ori: 0 0 0
2025-02-17T18:20:58Z [AreaTriggerEvents] Created trigger TempleBridgeJump at 371 49.6 526 ori: 0 0 0
2025-02-17T18:20:58Z [AreaTriggerEvents] Created trigger TempleOutsideTop1 at 739.5 38 483 ori: 0 0 0
2025-02-17T18:20:58Z [AreaTriggerEvents] Created trigger TempleOutsideTop2 at 670 49.5 306 ori: 0 0 0
2025-02-17T18:20:58Z [AreaTriggerEvents] Created trigger TempleWolfTrap at 591 14.3 390 ori: 0 0 0
2025-02-17T18:20:58Z [AreaTriggerEvents] Created trigger TempleInside1 at 865 19.2 410 ori: 0 0 0
2025-02-17T18:20:58Z [AreaTriggerEvents] Created trigger TempleInside2 at 828 38 484 ori: 0 0 0
2025-02-17T18:20:58Z [AreaTriggerEvents] Created trigger TempleHammerTrigger at 366 54.3 868 ori: 0 0 0
2025-02-17T18:20:58Z [AreaTriggerEvents] Created trigger TemplePartB1 at 405 130 1517 ori: 0 0 0
2025-02-17T18:20:58Z [AreaTriggerEvents] Created trigger TemplePartB2 at 417 2.4 1591 ori: 0 0 0
2025-02-17T18:37:16Z [AreaTriggerEvents] Created trigger ArcticCrypt at 15621 231.4 14845 ori: 0 0 0
2025-02-17T18:37:16Z [AreaTriggerEvents] Created trigger ArcticCrypt2 at 15640 258.6 14828 ori: 0 0 0
2025-02-17T18:37:16Z [AreaTriggerEvents] Created trigger ArcticCrypt3 at 15642 208.9 14788 ori: 0 0 0
2025-02-17T18:37:16Z [AreaTriggerEvents] Created trigger KMUCMain at 7059 573.5 11620 ori: 0 0 0
2025-02-17T18:37:16Z [AreaTriggerEvents] Created trigger KMUCMainBottom at 7249 224.8 11617 ori: 0 0 0
2025-02-17T18:37:16Z [AreaTriggerEvents] Created trigger TempleBridgeJump at 371 49.6 526 ori: 0 0 0
2025-02-17T18:37:16Z [AreaTriggerEvents] Created trigger TempleOutsideTop1 at 739.5 38 483 ori: 0 0 0
2025-02-17T18:37:16Z [AreaTriggerEvents] Created trigger TempleOutsideTop2 at 670 49.5 306 ori: 0 0 0
2025-02-17T18:37:16Z [AreaTriggerEvents] Created trigger TempleWolfTrap at 591 14.3 390 ori: 0 0 0
2025-02-17T18:37:16Z [AreaTriggerEvents] Created trigger TempleInside1 at 865 19.2 410 ori: 0 0 0
2025-02-17T18:37:16Z [AreaTriggerEvents] Created trigger TempleInside2 at 828 38 484 ori: 0 0 0
2025-02-17T18:37:16Z [AreaTriggerEvents] Created trigger TempleHammerTrigger at 366 54.3 868 ori: 0 0 0
2025-02-17T18:37:16Z [AreaTriggerEvents] Created trigger TemplePartB1 at 405 130 1517 ori: 0 0 0
2025-02-17T18:37:16Z [AreaTriggerEvents] Created trigger TemplePartB2 at 417 2.4 1591 ori: 0 0 0
2025-02-17T18:39:05Z [AreaTriggerEvents] Created trigger ArcticCrypt at 15621 231.4 14845 ori: 0 0 0
2025-02-17T18:39:05Z [AreaTriggerEvents] Created trigger ArcticCrypt2 at 15640 258.6 14828 ori: 0 0 0
2025-02-17T18:39:05Z [AreaTriggerEvents] Created trigger ArcticCrypt3 at 15642 208.9 14788 ori: 0 0 0
2025-02-17T18:39:05Z [AreaTriggerEvents] Created trigger KMUCMain at 7059 573.5 11620 ori: 0 0 0
2025-02-17T18:39:05Z [AreaTriggerEvents] Created trigger KMUCMainBottom at 7249 224.8 11617 ori: 0 0 0
2025-02-17T18:39:05Z [AreaTriggerEvents] Created trigger TempleBridgeJump at 371 49.6 526 ori: 0 0 0
2025-02-17T18:39:05Z [AreaTriggerEvents] Created trigger TempleOutsideTop1 at 739.5 38 483 ori: 0 0 0
2025-02-17T18:39:05Z [AreaTriggerEvents] Created trigger TempleOutsideTop2 at 670 49.5 306 ori: 0 0 0
2025-02-17T18:39:05Z [AreaTriggerEvents] Created trigger TempleWolfTrap at 591 14.3 390 ori: 0 0 0
2025-02-17T18:39:05Z [AreaTriggerEvents] Created trigger TempleInside1 at 865 19.2 410 ori: 0 0 0
2025-02-17T18:39:05Z [AreaTriggerEvents] Created trigger TempleInside2 at 828 38 484 ori: 0 0 0
2025-02-17T18:39:05Z [AreaTriggerEvents] Created trigger TempleHammerTrigger at 366 54.3 868 ori: 0 0 0
2025-02-17T18:39:05Z [AreaTriggerEvents] Created trigger TemplePartB1 at 405 130 1517 ori: 0 0 0
2025-02-17T18:39:05Z [AreaTriggerEvents] Created trigger TemplePartB2 at 417 2.4 1591 ori: 0 0 0
2025-02-17T18:45:35Z [AreaTriggerEvents] Created trigger ArcticCrypt at 15621 231.4 14845 ori: 0 0 0
2025-02-17T18:45:35Z [AreaTriggerEvents] Created trigger ArcticCrypt2 at 15640 258.6 14828 ori: 0 0 0
2025-02-17T18:45:35Z [AreaTriggerEvents] Created trigger ArcticCrypt3 at 15642 208.9 14788 ori: 0 0 0
2025-02-17T18:45:35Z [AreaTriggerEvents] Created trigger KMUCMain at 7059 573.5 11620 ori: 0 0 0
2025-02-17T18:45:35Z [AreaTriggerEvents] Created trigger KMUCMainBottom at 7249 224.8 11617 ori: 0 0 0
2025-02-17T18:45:35Z [AreaTriggerEvents] Created trigger TempleBridgeJump at 371 49.6 526 ori: 0 0 0
2025-02-17T18:45:35Z [AreaTriggerEvents] Created trigger TempleOutsideTop1 at 739.5 38 483 ori: 0 0 0
2025-02-17T18:45:35Z [AreaTriggerEvents] Created trigger TempleOutsideTop2 at 670 49.5 306 ori: 0 0 0
2025-02-17T18:45:35Z [AreaTriggerEvents] Created trigger TempleWolfTrap at 591 14.3 390 ori: 0 0 0
2025-02-17T18:45:35Z [AreaTriggerEvents] Created trigger TempleInside1 at 865 19.2 410 ori: 0 0 0
2025-02-17T18:45:35Z [AreaTriggerEvents] Created trigger TempleInside2 at 828 38 484 ori: 0 0 0
2025-02-17T18:45:35Z [AreaTriggerEvents] Created trigger TempleHammerTrigger at 366 54.3 868 ori: 0 0 0
2025-02-17T18:45:35Z [AreaTriggerEvents] Created trigger TemplePartB1 at 405 130 1517 ori: 0 0 0
2025-02-17T18:45:35Z [AreaTriggerEvents] Created trigger TemplePartB2 at 417 2.4 1591 ori: 0 0 0
2025-02-17T18:51:34Z [AreaTriggerEvents] Created trigger ArcticCrypt at 15621 231.4 14845 ori: 0 0 0
2025-02-17T18:51:34Z [AreaTriggerEvents] Created trigger ArcticCrypt2 at 15640 258.6 14828 ori: 0 0 0
2025-02-17T18:51:34Z [AreaTriggerEvents] Created trigger ArcticCrypt3 at 15642 208.9 14788 ori: 0 0 0
2025-02-17T18:51:34Z [AreaTriggerEvents] Created trigger KMUCMain at 7059 573.5 11620 ori: 0 0 0
2025-02-17T18:51:34Z [AreaTriggerEvents] Created trigger KMUCMainBottom at 7249 224.8 11617 ori: 0 0 0
2025-02-17T18:51:34Z [AreaTriggerEvents] Created trigger TempleBridgeJump at 371 49.6 526 ori: 0 0 0
2025-02-17T18:51:34Z [AreaTriggerEvents] Created trigger TempleOutsideTop1 at 739.5 38 483 ori: 0 0 0
2025-02-17T18:51:34Z [AreaTriggerEvents] Created trigger TempleOutsideTop2 at 670 49.5 306 ori: 0 0 0
2025-02-17T18:51:34Z [AreaTriggerEvents] Created trigger TempleWolfTrap at 591 14.3 390 ori: 0 0 0
2025-02-17T18:51:34Z [AreaTriggerEvents] Created trigger TempleInside1 at 865 19.2 410 ori: 0 0 0
2025-02-17T18:51:34Z [AreaTriggerEvents] Created trigger TempleInside2 at 828 38 484 ori: 0 0 0
2025-02-17T18:51:34Z [AreaTriggerEvents] Created trigger TempleHammerTrigger at 366 54.3 868 ori: 0 0 0
2025-02-17T18:51:34Z [AreaTriggerEvents] Created trigger TemplePartB1 at 405 130 1517 ori: 0 0 0
2025-02-17T18:51:34Z [AreaTriggerEvents] Created trigger TemplePartB2 at 417 2.4 1591 ori: 0 0 0
2025-02-17T18:54:49Z [AreaTriggerEvents] Created trigger ArcticCrypt at 15621 231.4 14845 ori: 0 0 0
2025-02-17T18:54:49Z [AreaTriggerEvents] Created trigger ArcticCrypt2 at 15640 258.6 14828 ori: 0 0 0
2025-02-17T18:54:49Z [AreaTriggerEvents] Created trigger ArcticCrypt3 at 15642 208.9 14788 ori: 0 0 0
2025-02-17T18:54:49Z [AreaTriggerEvents] Created trigger KMUCMain at 7059 573.5 11620 ori: 0 0 0
2025-02-17T18:54:49Z [AreaTriggerEvents] Created trigger KMUCMainBottom at 7249 224.8 11617 ori: 0 0 0
2025-02-17T18:54:49Z [AreaTriggerEvents] Created trigger TempleBridgeJump at 371 49.6 526 ori: 0 0 0
2025-02-17T18:54:49Z [AreaTriggerEvents] Created trigger TempleOutsideTop1 at 739.5 38 483 ori: 0 0 0
2025-02-17T18:54:49Z [AreaTriggerEvents] Created trigger TempleOutsideTop2 at 670 49.5 306 ori: 0 0 0
2025-02-17T18:54:49Z [AreaTriggerEvents] Created trigger TempleWolfTrap at 591 14.3 390 ori: 0 0 0
2025-02-17T18:54:49Z [AreaTriggerEvents] Created trigger TempleInside1 at 865 19.2 410 ori: 0 0 0
2025-02-17T18:54:49Z [AreaTriggerEvents] Created trigger TempleInside2 at 828 38 484 ori: 0 0 0
2025-02-17T18:54:49Z [AreaTriggerEvents] Created trigger TempleHammerTrigger at 366 54.3 868 ori: 0 0 0
2025-02-17T18:54:49Z [AreaTriggerEvents] Created trigger TemplePartB1 at 405 130 1517 ori: 0 0 0
2025-02-17T18:54:49Z [AreaTriggerEvents] Created trigger TemplePartB2 at 417 2.4 1591 ori: 0 0 0
2025-02-17T19:04:26Z [AreaTriggerEvents] Created trigger ArcticCrypt at 15621 231.4 14845 ori: 0 0 0
2025-02-17T19:04:26Z [AreaTriggerEvents] Created trigger ArcticCrypt2 at 15640 258.6 14828 ori: 0 0 0
2025-02-17T19:04:26Z [AreaTriggerEvents] Created trigger ArcticCrypt3 at 15642 208.9 14788 ori: 0 0 0
2025-02-17T19:04:26Z [AreaTriggerEvents] Created trigger KMUCMain at 7059 573.5 11620 ori: 0 0 0
2025-02-17T19:04:26Z [AreaTriggerEvents] Created trigger KMUCMainBottom at 7249 224.8 11617 ori: 0 0 0
2025-02-17T19:04:26Z [AreaTriggerEvents] Created trigger TempleBridgeJump at 371 49.6 526 ori: 0 0 0
2025-02-17T19:04:26Z [AreaTriggerEvents] Created trigger TempleOutsideTop1 at 739.5 38 483 ori: 0 0 0
2025-02-17T19:04:26Z [AreaTriggerEvents] Created trigger TempleOutsideTop2 at 670 49.5 306 ori: 0 0 0
2025-02-17T19:04:26Z [AreaTriggerEvents] Created trigger TempleWolfTrap at 591 14.3 390 ori: 0 0 0
2025-02-17T19:04:26Z [AreaTriggerEvents] Created trigger TempleInside1 at 865 19.2 410 ori: 0 0 0
2025-02-17T19:04:26Z [AreaTriggerEvents] Created trigger TempleInside2 at 828 38 484 ori: 0 0 0
2025-02-17T19:04:26Z [AreaTriggerEvents] Created trigger TempleHammerTrigger at 366 54.3 868 ori: 0 0 0
2025-02-17T19:04:26Z [AreaTriggerEvents] Created trigger TemplePartB1 at 405 130 1517 ori: 0 0 0
2025-02-17T19:04:26Z [AreaTriggerEvents] Created trigger TemplePartB2 at 417 2.4 1591 ori: 0 0 0
2025-02-17T19:08:06Z [AreaTriggerEvents] Created trigger ArcticCrypt at 15621 231.4 14845 ori: 0 0 0
2025-02-17T19:08:06Z [AreaTriggerEvents] Created trigger ArcticCrypt2 at 15640 258.6 14828 ori: 0 0 0
2025-02-17T19:08:06Z [AreaTriggerEvents] Created trigger ArcticCrypt3 at 15642 208.9 14788 ori: 0 0 0
2025-02-17T19:08:06Z [AreaTriggerEvents] Created trigger KMUCMain at 7059 573.5 11620 ori: 0 0 0
2025-02-17T19:08:06Z [AreaTriggerEvents] Created trigger KMUCMainBottom at 7249 224.8 11617 ori: 0 0 0
2025-02-17T19:08:06Z [AreaTriggerEvents] Created trigger TempleBridgeJump at 371 49.6 526 ori: 0 0 0
2025-02-17T19:08:06Z [AreaTriggerEvents] Created trigger TempleOutsideTop1 at 739.5 38 483 ori: 0 0 0
2025-02-17T19:08:06Z [AreaTriggerEvents] Created trigger TempleOutsideTop2 at 670 49.5 306 ori: 0 0 0
2025-02-17T19:08:06Z [AreaTriggerEvents] Created trigger TempleWolfTrap at 591 14.3 390 ori: 0 0 0
2025-02-17T19:08:06Z [AreaTriggerEvents] Created trigger TempleInside1 at 865 19.2 410 ori: 0 0 0
2025-02-17T19:08:06Z [AreaTriggerEvents] Created trigger TempleInside2 at 828 38 484 ori: 0 0 0
2025-02-17T19:08:06Z [AreaTriggerEvents] Created trigger TempleHammerTrigger at 366 54.3 868 ori: 0 0 0
2025-02-17T19:08:06Z [AreaTriggerEvents] Created trigger TemplePartB1 at 405 130 1517 ori: 0 0 0
2025-02-17T19:08:06Z [AreaTriggerEvents] Created trigger TemplePartB2 at 417 2.4 1591 ori: 0 0 0
2025-02-17T19:10:05Z [AreaTriggerEvents] Created trigger ArcticCrypt at 15621 231.4 14845 ori: 0 0 0
2025-02-17T19:10:05Z [AreaTriggerEvents] Created trigger ArcticCrypt2 at 15640 258.6 14828 ori: 0 0 0
2025-02-17T19:10:05Z [AreaTriggerEvents] Created trigger ArcticCrypt3 at 15642 208.9 14788 ori: 0 0 0
2025-02-17T19:10:05Z [AreaTriggerEvents] Created trigger KMUCMain at 7059 573.5 11620 ori: 0 0 0
2025-02-17T19:10:05Z [AreaTriggerEvents] Created trigger KMUCMainBottom at 7249 224.8 11617 ori: 0 0 0
2025-02-17T19:10:05Z [AreaTriggerEvents] Created trigger TempleBridgeJump at 371 49.6 526 ori: 0 0 0
2025-02-17T19:10:05Z [AreaTriggerEvents] Created trigger TempleOutsideTop1 at 739.5 38 483 ori: 0 0 0
2025-02-17T19:10:05Z [AreaTriggerEvents] Created trigger TempleOutsideTop2 at 670 49.5 306 ori: 0 0 0
2025-02-17T19:10:05Z [AreaTriggerEvents] Created trigger TempleWolfTrap at 591 14.3 390 ori: 0 0 0
2025-02-17T19:10:05Z [AreaTriggerEvents] Created trigger TempleInside1 at 865 19.2 410 ori: 0 0 0
2025-02-17T19:10:05Z [AreaTriggerEvents] Created trigger TempleInside2 at 828 38 484 ori: 0 0 0
2025-02-17T19:10:05Z [AreaTriggerEvents] Created trigger TempleHammerTrigger at 366 54.3 868 ori: 0 0 0
2025-02-17T19:10:05Z [AreaTriggerEvents] Created trigger TemplePartB1 at 405 130 1517 ori: 0 0 0
2025-02-17T19:10:05Z [AreaTriggerEvents] Created trigger TemplePartB2 at 417 2.4 1591 ori: 0 0 0
2025-02-17T19:14:05Z [AreaTriggerEvents] Created trigger ArcticCrypt at 15621 231.4 14845 ori: 0 0 0
2025-02-17T19:14:05Z [AreaTriggerEvents] Created trigger ArcticCrypt2 at 15640 258.6 14828 ori: 0 0 0
2025-02-17T19:14:05Z [AreaTriggerEvents] Created trigger ArcticCrypt3 at 15642 208.9 14788 ori: 0 0 0
2025-02-17T19:14:05Z [AreaTriggerEvents] Created trigger KMUCMain at 7059 573.5 11620 ori: 0 0 0
2025-02-17T19:14:05Z [AreaTriggerEvents] Created trigger KMUCMainBottom at 7249 224.8 11617 ori: 0 0 0
2025-02-17T19:14:05Z [AreaTriggerEvents] Created trigger TempleBridgeJump at 371 49.6 526 ori: 0 0 0
2025-02-17T19:14:05Z [AreaTriggerEvents] Created trigger TempleOutsideTop1 at 739.5 38 483 ori: 0 0 0
2025-02-17T19:14:05Z [AreaTriggerEvents] Created trigger TempleOutsideTop2 at 670 49.5 306 ori: 0 0 0
2025-02-17T19:14:05Z [AreaTriggerEvents] Created trigger TempleWolfTrap at 591 14.3 390 ori: 0 0 0
2025-02-17T19:14:05Z [AreaTriggerEvents] Created trigger TempleInside1 at 865 19.2 410 ori: 0 0 0
2025-02-17T19:14:05Z [AreaTriggerEvents] Created trigger TempleInside2 at 828 38 484 ori: 0 0 0
2025-02-17T19:14:05Z [AreaTriggerEvents] Created trigger TempleHammerTrigger at 366 54.3 868 ori: 0 0 0
2025-02-17T19:14:05Z [AreaTriggerEvents] Created trigger TemplePartB1 at 405 130 1517 ori: 0 0 0
2025-02-17T19:14:05Z [AreaTriggerEvents] Created trigger TemplePartB2 at 417 2.4 1591 ori: 0 0 0
2025-02-17T19:15:36Z [AreaTriggerEvents] Created trigger ArcticCrypt at 15621 231.4 14845 ori: 0 0 0
2025-02-17T19:15:36Z [AreaTriggerEvents] Created trigger ArcticCrypt2 at 15640 258.6 14828 ori: 0 0 0
2025-02-17T19:15:36Z [AreaTriggerEvents] Created trigger ArcticCrypt3 at 15642 208.9 14788 ori: 0 0 0
2025-02-17T19:15:36Z [AreaTriggerEvents] Created trigger KMUCMain at 7059 573.5 11620 ori: 0 0 0
2025-02-17T19:15:36Z [AreaTriggerEvents] Created trigger KMUCMainBottom at 7249 224.8 11617 ori: 0 0 0
2025-02-17T19:15:36Z [AreaTriggerEvents] Created trigger TempleBridgeJump at 371 49.6 526 ori: 0 0 0
2025-02-17T19:15:36Z [AreaTriggerEvents] Created trigger TempleOutsideTop1 at 739.5 38 483 ori: 0 0 0
2025-02-17T19:15:36Z [AreaTriggerEvents] Created trigger TempleOutsideTop2 at 670 49.5 306 ori: 0 0 0
2025-02-17T19:15:36Z [AreaTriggerEvents] Created trigger TempleWolfTrap at 591 14.3 390 ori: 0 0 0
2025-02-17T19:15:36Z [AreaTriggerEvents] Created trigger TempleInside1 at 865 19.2 410 ori: 0 0 0
2025-02-17T19:15:36Z [AreaTriggerEvents] Created trigger TempleInside2 at 828 38 484 ori: 0 0 0
2025-02-17T19:15:36Z [AreaTriggerEvents] Created trigger TempleHammerTrigger at 366 54.3 868 ori: 0 0 0
2025-02-17T19:15:37Z [AreaTriggerEvents] Created trigger TemplePartB1 at 405 130 1517 ori: 0 0 0
2025-02-17T19:15:37Z [AreaTriggerEvents] Created trigger TemplePartB2 at 417 2.4 1591 ori: 0 0 0
2025-02-17T19:16:33Z [AreaTriggerEvents] Created trigger ArcticCrypt at 15621 231.4 14845 ori: 0 0 0
2025-02-17T19:16:33Z [AreaTriggerEvents] Created trigger ArcticCrypt2 at 15640 258.6 14828 ori: 0 0 0
2025-02-17T19:16:33Z [AreaTriggerEvents] Created trigger ArcticCrypt3 at 15642 208.9 14788 ori: 0 0 0
2025-02-17T19:16:33Z [AreaTriggerEvents] Created trigger KMUCMain at 7059 573.5 11620 ori: 0 0 0
2025-02-17T19:16:33Z [AreaTriggerEvents] Created trigger KMUCMainBottom at 7249 224.8 11617 ori: 0 0 0
2025-02-17T19:16:33Z [AreaTriggerEvents] Created trigger TempleBridgeJump at 371 49.6 526 ori: 0 0 0
2025-02-17T19:16:33Z [AreaTriggerEvents] Created trigger TempleOutsideTop1 at 739.5 38 483 ori: 0 0 0
2025-02-17T19:16:33Z [AreaTriggerEvents] Created trigger TempleOutsideTop2 at 670 49.5 306 ori: 0 0 0
2025-02-17T19:16:33Z [AreaTriggerEvents] Created trigger TempleWolfTrap at 591 14.3 390 ori: 0 0 0
2025-02-17T19:16:33Z [AreaTriggerEvents] Created trigger TempleInside1 at 865 19.2 410 ori: 0 0 0
2025-02-17T19:16:33Z [AreaTriggerEvents] Created trigger TempleInside2 at 828 38 484 ori: 0 0 0
2025-02-17T19:16:33Z [AreaTriggerEvents] Created trigger TempleHammerTrigger at 366 54.3 868 ori: 0 0 0
2025-02-17T19:16:33Z [AreaTriggerEvents] Created trigger TemplePartB1 at 405 130 1517 ori: 0 0 0
2025-02-17T19:16:33Z [AreaTriggerEvents] Created trigger TemplePartB2 at 417 2.4 1591 ori: 0 0 0
2025-02-17T19:19:45Z [AreaTriggerEvents] Created trigger ArcticCrypt at 15621 231.4 14845 ori: 0 0 0
2025-02-17T19:19:45Z [AreaTriggerEvents] Created trigger ArcticCrypt2 at 15640 258.6 14828 ori: 0 0 0
2025-02-17T19:19:45Z [AreaTriggerEvents] Created trigger ArcticCrypt3 at 15642 208.9 14788 ori: 0 0 0
2025-02-17T19:19:45Z [AreaTriggerEvents] Created trigger KMUCMain at 7059 573.5 11620 ori: 0 0 0
2025-02-17T19:19:45Z [AreaTriggerEvents] Created trigger KMUCMainBottom at 7249 224.8 11617 ori: 0 0 0
2025-02-17T19:19:45Z [AreaTriggerEvents] Created trigger TempleBridgeJump at 371 49.6 526 ori: 0 0 0
2025-02-17T19:19:45Z [AreaTriggerEvents] Created trigger TempleOutsideTop1 at 739.5 38 483 ori: 0 0 0
2025-02-17T19:19:45Z [AreaTriggerEvents] Created trigger TempleOutsideTop2 at 670 49.5 306 ori: 0 0 0
2025-02-17T19:19:45Z [AreaTriggerEvents] Created trigger TempleWolfTrap at 591 14.3 390 ori: 0 0 0
2025-02-17T19:19:45Z [AreaTriggerEvents] Created trigger TempleInside1 at 865 19.2 410 ori: 0 0 0
2025-02-17T19:19:45Z [AreaTriggerEvents] Created trigger TempleInside2 at 828 38 484 ori: 0 0 0
2025-02-17T19:19:45Z [AreaTriggerEvents] Created trigger TempleHammerTrigger at 366 54.3 868 ori: 0 0 0
2025-02-17T19:19:45Z [AreaTriggerEvents] Created trigger TemplePartB1 at 405 130 1517 ori: 0 0 0
2025-02-17T19:19:45Z [AreaTriggerEvents] Created trigger TemplePartB2 at 417 2.4 1591 ori: 0 0 0
2025-02-17T19:22:44Z [AreaTriggerEvents] Created trigger ArcticCrypt at 15621 231.4 14845 ori: 0 0 0
2025-02-17T19:22:44Z [AreaTriggerEvents] Created trigger ArcticCrypt2 at 15640 258.6 14828 ori: 0 0 0
2025-02-17T19:22:44Z [AreaTriggerEvents] Created trigger ArcticCrypt3 at 15642 208.9 14788 ori: 0 0 0
2025-02-17T19:22:44Z [AreaTriggerEvents] Created trigger KMUCMain at 7059 573.5 11620 ori: 0 0 0
2025-02-17T19:22:44Z [AreaTriggerEvents] Created trigger KMUCMainBottom at 7249 224.8 11617 ori: 0 0 0
2025-02-17T19:22:44Z [AreaTriggerEvents] Created trigger TempleBridgeJump at 371 49.6 526 ori: 0 0 0
2025-02-17T19:22:44Z [AreaTriggerEvents] Created trigger TempleOutsideTop1 at 739.5 38 483 ori: 0 0 0
2025-02-17T19:22:44Z [AreaTriggerEvents] Created trigger TempleOutsideTop2 at 670 49.5 306 ori: 0 0 0
2025-02-17T19:22:44Z [AreaTriggerEvents] Created trigger TempleWolfTrap at 591 14.3 390 ori: 0 0 0
2025-02-17T19:22:44Z [AreaTriggerEvents] Created trigger TempleInside1 at 865 19.2 410 ori: 0 0 0
2025-02-17T19:22:44Z [AreaTriggerEvents] Created trigger TempleInside2 at 828 38 484 ori: 0 0 0
2025-02-17T19:22:44Z [AreaTriggerEvents] Created trigger TempleHammerTrigger at 366 54.3 868 ori: 0 0 0
2025-02-17T19:22:44Z [AreaTriggerEvents] Created trigger TemplePartB1 at 405 130 1517 ori: 0 0 0
2025-02-17T19:22:44Z [AreaTriggerEvents] Created trigger TemplePartB2 at 417 2.4 1591 ori: 0 0 0
2025-02-17T19:26:36Z [AreaTriggerEvents] Created trigger ArcticCrypt at 15621 231.4 14845 ori: 0 0 0
2025-02-17T19:26:36Z [AreaTriggerEvents] Created trigger ArcticCrypt2 at 15640 258.6 14828 ori: 0 0 0
2025-02-17T19:26:36Z [AreaTriggerEvents] Created trigger ArcticCrypt3 at 15642 208.9 14788 ori: 0 0 0
2025-02-17T19:26:36Z [AreaTriggerEvents] Created trigger KMUCMain at 7059 573.5 11620 ori: 0 0 0
2025-02-17T19:26:36Z [AreaTriggerEvents] Created trigger KMUCMainBottom at 7249 224.8 11617 ori: 0 0 0
2025-02-17T19:26:36Z [AreaTriggerEvents] Created trigger TempleBridgeJump at 371 49.6 526 ori: 0 0 0
2025-02-17T19:26:36Z [AreaTriggerEvents] Created trigger TempleOutsideTop1 at 739.5 38 483 ori: 0 0 0
2025-02-17T19:26:36Z [AreaTriggerEvents] Created trigger TempleOutsideTop2 at 670 49.5 306 ori: 0 0 0
2025-02-17T19:26:36Z [AreaTriggerEvents] Created trigger TempleWolfTrap at 591 14.3 390 ori: 0 0 0
2025-02-17T19:26:36Z [AreaTriggerEvents] Created trigger TempleInside1 at 865 19.2 410 ori: 0 0 0
2025-02-17T19:26:36Z [AreaTriggerEvents] Created trigger TempleInside2 at 828 38 484 ori: 0 0 0
2025-02-17T19:26:36Z [AreaTriggerEvents] Created trigger TempleHammerTrigger at 366 54.3 868 ori: 0 0 0
2025-02-17T19:26:36Z [AreaTriggerEvents] Created trigger TemplePartB1 at 405 130 1517 ori: 0 0 0
2025-02-17T19:26:36Z [AreaTriggerEvents] Created trigger TemplePartB2 at 417 2.4 1591 ori: 0 0 0
2025-02-17T19:30:53Z [AreaTriggerEvents] Created trigger ArcticCrypt at 15621 231.4 14845 ori: 0 0 0
2025-02-17T19:30:53Z [AreaTriggerEvents] Created trigger ArcticCrypt2 at 15640 258.6 14828 ori: 0 0 0
2025-02-17T19:30:53Z [AreaTriggerEvents] Created trigger ArcticCrypt3 at 15642 208.9 14788 ori: 0 0 0
2025-02-17T19:30:53Z [AreaTriggerEvents] Created trigger KMUCMain at 7059 573.5 11620 ori: 0 0 0
2025-02-17T19:30:53Z [AreaTriggerEvents] Created trigger KMUCMainBottom at 7249 224.8 11617 ori: 0 0 0
2025-02-17T19:30:53Z [AreaTriggerEvents] Created trigger TempleBridgeJump at 371 49.6 526 ori: 0 0 0
2025-02-17T19:30:53Z [AreaTriggerEvents] Created trigger TempleOutsideTop1 at 739.5 38 483 ori: 0 0 0
2025-02-17T19:30:53Z [AreaTriggerEvents] Created trigger TempleOutsideTop2 at 670 49.5 306 ori: 0 0 0
2025-02-17T19:30:53Z [AreaTriggerEvents] Created trigger TempleWolfTrap at 591 14.3 390 ori: 0 0 0
2025-02-17T19:30:53Z [AreaTriggerEvents] Created trigger TempleInside1 at 865 19.2 410 ori: 0 0 0
2025-02-17T19:30:53Z [AreaTriggerEvents] Created trigger TempleInside2 at 828 38 484 ori: 0 0 0
2025-02-17T19:30:53Z [AreaTriggerEvents] Created trigger TempleHammerTrigger at 366 54.3 868 ori: 0 0 0
2025-02-17T19:30:53Z [AreaTriggerEvents] Created trigger TemplePartB1 at 405 130 1517 ori: 0 0 0
2025-02-17T19:30:53Z [AreaTriggerEvents] Created trigger TemplePartB2 at 417 2.4 1591 ori: 0 0 0
2025-02-17T19:34:42Z [AreaTriggerEvents] Created trigger ArcticCrypt at 15621 231.4 14845 ori: 0 0 0
2025-02-17T19:34:42Z [AreaTriggerEvents] Created trigger ArcticCrypt2 at 15640 258.6 14828 ori: 0 0 0
2025-02-17T19:34:42Z [AreaTriggerEvents] Created trigger ArcticCrypt3 at 15642 208.9 14788 ori: 0 0 0
2025-02-17T19:34:42Z [AreaTriggerEvents] Created trigger KMUCMain at 7059 573.5 11620 ori: 0 0 0
2025-02-17T19:34:42Z [AreaTriggerEvents] Created trigger KMUCMainBottom at 7249 224.8 11617 ori: 0 0 0
2025-02-17T19:34:42Z [AreaTriggerEvents] Created trigger TempleBridgeJump at 371 49.6 526 ori: 0 0 0
2025-02-17T19:34:42Z [AreaTriggerEvents] Created trigger TempleOutsideTop1 at 739.5 38 483 ori: 0 0 0
2025-02-17T19:34:42Z [AreaTriggerEvents] Created trigger TempleOutsideTop2 at 670 49.5 306 ori: 0 0 0
2025-02-17T19:34:42Z [AreaTriggerEvents] Created trigger TempleWolfTrap at 591 14.3 390 ori: 0 0 0
2025-02-17T19:34:42Z [AreaTriggerEvents] Created trigger TempleInside1 at 865 19.2 410 ori: 0 0 0
2025-02-17T19:34:42Z [AreaTriggerEvents] Created trigger TempleInside2 at 828 38 484 ori: 0 0 0
2025-02-17T19:34:42Z [AreaTriggerEvents] Created trigger TempleHammerTrigger at 366 54.3 868 ori: 0 0 0
2025-02-17T19:34:42Z [AreaTriggerEvents] Created trigger TemplePartB1 at 405 130 1517 ori: 0 0 0
2025-02-17T19:34:42Z [AreaTriggerEvents] Created trigger TemplePartB2 at 417 2.4 1591 ori: 0 0 0
2025-02-17T19:38:16Z [AreaTriggerEvents] Created trigger ArcticCrypt at 15621 231.4 14845 ori: 0 0 0
2025-02-17T19:38:16Z [AreaTriggerEvents] Created trigger ArcticCrypt2 at 15640 258.6 14828 ori: 0 0 0
2025-02-17T19:38:16Z [AreaTriggerEvents] Created trigger ArcticCrypt3 at 15642 208.9 14788 ori: 0 0 0
2025-02-17T19:38:16Z [AreaTriggerEvents] Created trigger KMUCMain at 7059 573.5 11620 ori: 0 0 0
2025-02-17T19:38:16Z [AreaTriggerEvents] Created trigger KMUCMainBottom at 7249 224.8 11617 ori: 0 0 0
2025-02-17T19:38:16Z [AreaTriggerEvents] Created trigger TempleBridgeJump at 371 49.6 526 ori: 0 0 0
2025-02-17T19:38:16Z [AreaTriggerEvents] Created trigger TempleOutsideTop1 at 739.5 38 483 ori: 0 0 0
2025-02-17T19:38:16Z [AreaTriggerEvents] Created trigger TempleOutsideTop2 at 670 49.5 306 ori: 0 0 0
2025-02-17T19:38:16Z [AreaTriggerEvents] Created trigger TempleWolfTrap at 591 14.3 390 ori: 0 0 0
2025-02-17T19:38:16Z [AreaTriggerEvents] Created trigger TempleInside1 at 865 19.2 410 ori: 0 0 0
2025-02-17T19:38:16Z [AreaTriggerEvents] Created trigger TempleInside2 at 828 38 484 ori: 0 0 0
2025-02-17T19:38:16Z [AreaTriggerEvents] Created trigger TempleHammerTrigger at 366 54.3 868 ori: 0 0 0
2025-02-17T19:38:16Z [AreaTriggerEvents] Created trigger TemplePartB1 at 405 130 1517 ori: 0 0 0
2025-02-17T19:38:16Z [AreaTriggerEvents] Created trigger TemplePartB2 at 417 2.4 1591 ori: 0 0 0
2025-02-17T19:40:53Z [AreaTriggerEvents] Created trigger ArcticCrypt at 15621 231.4 14845 ori: 0 0 0
2025-02-17T19:40:53Z [AreaTriggerEvents] Created trigger ArcticCrypt2 at 15640 258.6 14828 ori: 0 0 0
2025-02-17T19:40:53Z [AreaTriggerEvents] Created trigger ArcticCrypt3 at 15642 208.9 14788 ori: 0 0 0
2025-02-17T19:40:53Z [AreaTriggerEvents] Created trigger KMUCMain at 7059 573.5 11620 ori: 0 0 0
2025-02-17T19:40:53Z [AreaTriggerEvents] Created trigger KMUCMainBottom at 7249 224.8 11617 ori: 0 0 0
2025-02-17T19:40:53Z [AreaTriggerEvents] Created trigger TempleBridgeJump at 371 49.6 526 ori: 0 0 0
2025-02-17T19:40:53Z [AreaTriggerEvents] Created trigger TempleOutsideTop1 at 739.5 38 483 ori: 0 0 0
2025-02-17T19:40:53Z [AreaTriggerEvents] Created trigger TempleOutsideTop2 at 670 49.5 306 ori: 0 0 0
2025-02-17T19:40:53Z [AreaTriggerEvents] Created trigger TempleWolfTrap at 591 14.3 390 ori: 0 0 0
2025-02-17T19:40:53Z [AreaTriggerEvents] Created trigger TempleInside1 at 865 19.2 410 ori: 0 0 0
2025-02-17T19:40:53Z [AreaTriggerEvents] Created trigger TempleInside2 at 828 38 484 ori: 0 0 0
2025-02-17T19:40:53Z [AreaTriggerEvents] Created trigger TempleHammerTrigger at 366 54.3 868 ori: 0 0 0
2025-02-17T19:40:53Z [AreaTriggerEvents] Created trigger TemplePartB1 at 405 130 1517 ori: 0 0 0
2025-02-17T19:40:53Z [AreaTriggerEvents] Created trigger TemplePartB2 at 417 2.4 1591 ori: 0 0 0
2025-02-17T19:42:57Z [AreaTriggerEvents] Created trigger ArcticCrypt at 15621 231.4 14845 ori: 0 0 0
2025-02-17T19:42:57Z [AreaTriggerEvents] Created trigger ArcticCrypt2 at 15640 258.6 14828 ori: 0 0 0
2025-02-17T19:42:57Z [AreaTriggerEvents] Created trigger ArcticCrypt3 at 15642 208.9 14788 ori: 0 0 0
2025-02-17T19:42:57Z [AreaTriggerEvents] Created trigger KMUCMain at 7059 573.5 11620 ori: 0 0 0
2025-02-17T19:42:57Z [AreaTriggerEvents] Created trigger KMUCMainBottom at 7249 224.8 11617 ori: 0 0 0
2025-02-17T19:42:57Z [AreaTriggerEvents] Created trigger TempleBridgeJump at 371 49.6 526 ori: 0 0 0
2025-02-17T19:42:57Z [AreaTriggerEvents] Created trigger TempleOutsideTop1 at 739.5 38 483 ori: 0 0 0
2025-02-17T19:42:57Z [AreaTriggerEvents] Created trigger TempleOutsideTop2 at 670 49.5 306 ori: 0 0 0
2025-02-17T19:42:57Z [AreaTriggerEvents] Created trigger TempleWolfTrap at 591 14.3 390 ori: 0 0 0
2025-02-17T19:42:57Z [AreaTriggerEvents] Created trigger TempleInside1 at 865 19.2 410 ori: 0 0 0
2025-02-17T19:42:57Z [AreaTriggerEvents] Created trigger TempleInside2 at 828 38 484 ori: 0 0 0
2025-02-17T19:42:57Z [AreaTriggerEvents] Created trigger TempleHammerTrigger at 366 54.3 868 ori: 0 0 0
2025-02-17T19:42:57Z [AreaTriggerEvents] Created trigger TemplePartB1 at 405 130 1517 ori: 0 0 0
2025-02-17T19:42:57Z [AreaTriggerEvents] Created trigger TemplePartB2 at 417 2.4 1591 ori: 0 0 0
2025-02-17T19:45:09Z [AreaTriggerEvents] Created trigger ArcticCrypt at 15621 231.4 14845 ori: 0 0 0
2025-02-17T19:45:09Z [AreaTriggerEvents] Created trigger ArcticCrypt2 at 15640 258.6 14828 ori: 0 0 0
2025-02-17T19:45:09Z [AreaTriggerEvents] Created trigger ArcticCrypt3 at 15642 208.9 14788 ori: 0 0 0
2025-02-17T19:45:09Z [AreaTriggerEvents] Created trigger KMUCMain at 7059 573.5 11620 ori: 0 0 0
2025-02-17T19:45:09Z [AreaTriggerEvents] Created trigger KMUCMainBottom at 7249 224.8 11617 ori: 0 0 0
2025-02-17T19:45:09Z [AreaTriggerEvents] Created trigger TempleBridgeJump at 371 49.6 526 ori: 0 0 0
2025-02-17T19:45:09Z [AreaTriggerEvents] Created trigger TempleOutsideTop1 at 739.5 38 483 ori: 0 0 0
2025-02-17T19:45:09Z [AreaTriggerEvents] Created trigger TempleOutsideTop2 at 670 49.5 306 ori: 0 0 0
2025-02-17T19:45:09Z [AreaTriggerEvents] Created trigger TempleWolfTrap at 591 14.3 390 ori: 0 0 0
2025-02-17T19:45:09Z [AreaTriggerEvents] Created trigger TempleInside1 at 865 19.2 410 ori: 0 0 0
2025-02-17T19:45:09Z [AreaTriggerEvents] Created trigger TempleInside2 at 828 38 484 ori: 0 0 0
2025-02-17T19:45:09Z [AreaTriggerEvents] Created trigger TempleHammerTrigger at 366 54.3 868 ori: 0 0 0
2025-02-17T19:45:09Z [AreaTriggerEvents] Created trigger TemplePartB1 at 405 130 1517 ori: 0 0 0
2025-02-17T19:45:09Z [AreaTriggerEvents] Created trigger TemplePartB2 at 417 2.4 1591 ori: 0 0 0
2025-02-17T19:48:23Z [AreaTriggerEvents] Created trigger ArcticCrypt at 15621 231.4 14845 ori: 0 0 0
2025-02-17T19:48:23Z [AreaTriggerEvents] Created trigger ArcticCrypt2 at 15640 258.6 14828 ori: 0 0 0
2025-02-17T19:48:23Z [AreaTriggerEvents] Created trigger ArcticCrypt3 at 15642 208.9 14788 ori: 0 0 0
2025-02-17T19:48:23Z [AreaTriggerEvents] Created trigger KMUCMain at 7059 573.5 11620 ori: 0 0 0
2025-02-17T19:48:23Z [AreaTriggerEvents] Created trigger KMUCMainBottom at 7249 224.8 11617 ori: 0 0 0
2025-02-17T19:48:23Z [AreaTriggerEvents] Created trigger TempleBridgeJump at 371 49.6 526 ori: 0 0 0
2025-02-17T19:48:23Z [AreaTriggerEvents] Created trigger TempleOutsideTop1 at 739.5 38 483 ori: 0 0 0
2025-02-17T19:48:23Z [AreaTriggerEvents] Created trigger TempleOutsideTop2 at 670 49.5 306 ori: 0 0 0
2025-02-17T19:48:23Z [AreaTriggerEvents] Created trigger TempleWolfTrap at 591 14.3 390 ori: 0 0 0
2025-02-17T19:48:23Z [AreaTriggerEvents] Created trigger TempleInside1 at 865 19.2 410 ori: 0 0 0
2025-02-17T19:48:23Z [AreaTriggerEvents] Created trigger TempleInside2 at 828 38 484 ori: 0 0 0
2025-02-17T19:48:23Z [AreaTriggerEvents] Created trigger TempleHammerTrigger at 366 54.3 868 ori: 0 0 0
2025-02-17T19:48:23Z [AreaTriggerEvents] Created trigger TemplePartB1 at 405 130 1517 ori: 0 0 0
2025-02-17T19:48:23Z [AreaTriggerEvents] Created trigger TemplePartB2 at 417 2.4 1591 ori: 0 0 0
2025-02-17T19:54:08Z [AreaTriggerEvents] Created trigger ArcticCrypt at 15621 231.4 14845 ori: 0 0 0
2025-02-17T19:54:08Z [AreaTriggerEvents] Created trigger ArcticCrypt2 at 15640 258.6 14828 ori: 0 0 0
2025-02-17T19:54:08Z [AreaTriggerEvents] Created trigger ArcticCrypt3 at 15642 208.9 14788 ori: 0 0 0
2025-02-17T19:54:08Z [AreaTriggerEvents] Created trigger KMUCMain at 7059 573.5 11620 ori: 0 0 0
2025-02-17T19:54:08Z [AreaTriggerEvents] Created trigger KMUCMainBottom at 7249 224.8 11617 ori: 0 0 0
2025-02-17T19:54:08Z [AreaTriggerEvents] Created trigger TempleBridgeJump at 371 49.6 526 ori: 0 0 0
2025-02-17T19:54:08Z [AreaTriggerEvents] Created trigger TempleOutsideTop1 at 739.5 38 483 ori: 0 0 0
2025-02-17T19:54:08Z [AreaTriggerEvents] Created trigger TempleOutsideTop2 at 670 49.5 306 ori: 0 0 0
2025-02-17T19:54:08Z [AreaTriggerEvents] Created trigger TempleWolfTrap at 591 14.3 390 ori: 0 0 0
2025-02-17T19:54:08Z [AreaTriggerEvents] Created trigger TempleInside1 at 865 19.2 410 ori: 0 0 0
2025-02-17T19:54:08Z [AreaTriggerEvents] Created trigger TempleInside2 at 828 38 484 ori: 0 0 0
2025-02-17T19:54:08Z [AreaTriggerEvents] Created trigger TempleHammerTrigger at 366 54.3 868 ori: 0 0 0
2025-02-17T19:54:08Z [AreaTriggerEvents] Created trigger TemplePartB1 at 405 130 1517 ori: 0 0 0
2025-02-17T19:54:08Z [AreaTriggerEvents] Created trigger TemplePartB2 at 417 2.4 1591 ori: 0 0 0
2025-02-17T20:04:03Z [AreaTriggerEvents] Created trigger ArcticCrypt at 15621 231.4 14845 ori: 0 0 0
2025-02-17T20:04:03Z [AreaTriggerEvents] Created trigger ArcticCrypt2 at 15640 258.6 14828 ori: 0 0 0
2025-02-17T20:04:03Z [AreaTriggerEvents] Created trigger ArcticCrypt3 at 15642 208.9 14788 ori: 0 0 0
2025-02-17T20:04:03Z [AreaTriggerEvents] Created trigger KMUCMain at 7059 573.5 11620 ori: 0 0 0
2025-02-17T20:04:03Z [AreaTriggerEvents] Created trigger KMUCMainBottom at 7249 224.8 11617 ori: 0 0 0
2025-02-17T20:04:03Z [AreaTriggerEvents] Created trigger TempleBridgeJump at 371 49.6 526 ori: 0 0 0
2025-02-17T20:04:03Z [AreaTriggerEvents] Created trigger TempleOutsideTop1 at 739.5 38 483 ori: 0 0 0
2025-02-17T20:04:03Z [AreaTriggerEvents] Created trigger TempleOutsideTop2 at 670 49.5 306 ori: 0 0 0
2025-02-17T20:04:03Z [AreaTriggerEvents] Created trigger TempleWolfTrap at 591 14.3 390 ori: 0 0 0
2025-02-17T20:04:03Z [AreaTriggerEvents] Created trigger TempleInside1 at 865 19.2 410 ori: 0 0 0
2025-02-17T20:04:03Z [AreaTriggerEvents] Created trigger TempleInside2 at 828 38 484 ori: 0 0 0
2025-02-17T20:04:03Z [AreaTriggerEvents] Created trigger TempleHammerTrigger at 366 54.3 868 ori: 0 0 0
2025-02-17T20:04:03Z [AreaTriggerEvents] Created trigger TemplePartB1 at 405 130 1517 ori: 0 0 0
2025-02-17T20:04:03Z [AreaTriggerEvents] Created trigger TemplePartB2 at 417 2.4 1591 ori: 0 0 0
2025-02-17T20:43:55Z [AreaTriggerEvents] Created trigger ArcticCrypt at 15621 231.4 14845 ori: 0 0 0
2025-02-17T20:43:55Z [AreaTriggerEvents] Created trigger ArcticCrypt2 at 15640 258.6 14828 ori: 0 0 0
2025-02-17T20:43:55Z [AreaTriggerEvents] Created trigger ArcticCrypt3 at 15642 208.9 14788 ori: 0 0 0
2025-02-17T20:43:55Z [AreaTriggerEvents] Created trigger KMUCMain at 7059 573.5 11620 ori: 0 0 0
2025-02-17T20:43:55Z [AreaTriggerEvents] Created trigger KMUCMainBottom at 7249 224.8 11617 ori: 0 0 0
2025-02-17T20:43:55Z [AreaTriggerEvents] Created trigger TempleBridgeJump at 371 49.6 526 ori: 0 0 0
2025-02-17T20:43:55Z [AreaTriggerEvents] Created trigger TempleOutsideTop1 at 739.5 38 483 ori: 0 0 0
2025-02-17T20:43:55Z [AreaTriggerEvents] Created trigger TempleOutsideTop2 at 670 49.5 306 ori: 0 0 0
2025-02-17T20:43:55Z [AreaTriggerEvents] Created trigger TempleWolfTrap at 591 14.3 390 ori: 0 0 0
2025-02-17T20:43:55Z [AreaTriggerEvents] Created trigger TempleInside1 at 865 19.2 410 ori: 0 0 0
2025-02-17T20:43:55Z [AreaTriggerEvents] Created trigger TempleInside2 at 828 38 484 ori: 0 0 0
2025-02-17T20:43:55Z [AreaTriggerEvents] Created trigger TempleHammerTrigger at 366 54.3 868 ori: 0 0 0
2025-02-17T20:43:55Z [AreaTriggerEvents] Created trigger TemplePartB1 at 405 130 1517 ori: 0 0 0
2025-02-17T20:43:55Z [AreaTriggerEvents] Created trigger TemplePartB2 at 417 2.4 1591 ori: 0 0 0
2025-02-17T20:46:55Z [AreaTriggerEvents] Created trigger ArcticCrypt at 15621 231.4 14845 ori: 0 0 0
2025-02-17T20:46:55Z [AreaTriggerEvents] Created trigger ArcticCrypt2 at 15640 258.6 14828 ori: 0 0 0
2025-02-17T20:46:55Z [AreaTriggerEvents] Created trigger ArcticCrypt3 at 15642 208.9 14788 ori: 0 0 0
2025-02-17T20:46:55Z [AreaTriggerEvents] Created trigger KMUCMain at 7059 573.5 11620 ori: 0 0 0
2025-02-17T20:46:55Z [AreaTriggerEvents] Created trigger KMUCMainBottom at 7249 224.8 11617 ori: 0 0 0
2025-02-17T20:46:55Z [AreaTriggerEvents] Created trigger TempleBridgeJump at 371 49.6 526 ori: 0 0 0
2025-02-17T20:46:55Z [AreaTriggerEvents] Created trigger TempleOutsideTop1 at 739.5 38 483 ori: 0 0 0
2025-02-17T20:46:55Z [AreaTriggerEvents] Created trigger TempleOutsideTop2 at 670 49.5 306 ori: 0 0 0
2025-02-17T20:46:55Z [AreaTriggerEvents] Created trigger TempleWolfTrap at 591 14.3 390 ori: 0 0 0
2025-02-17T20:46:55Z [AreaTriggerEvents] Created trigger TempleInside1 at 865 19.2 410 ori: 0 0 0
2025-02-17T20:46:55Z [AreaTriggerEvents] Created trigger TempleInside2 at 828 38 484 ori: 0 0 0
2025-02-17T20:46:55Z [AreaTriggerEvents] Created trigger TempleHammerTrigger at 366 54.3 868 ori: 0 0 0
2025-02-17T20:46:55Z [AreaTriggerEvents] Created trigger TemplePartB1 at 405 130 1517 ori: 0 0 0
2025-02-17T20:46:55Z [AreaTriggerEvents] Created trigger TemplePartB2 at 417 2.4 1591 ori: 0 0 0
2025-02-17T20:48:11Z [AreaTriggerEvents] Created trigger ArcticCrypt at 15621 231.4 14845 ori: 0 0 0
2025-02-17T20:48:11Z [AreaTriggerEvents] Created trigger ArcticCrypt2 at 15640 258.6 14828 ori: 0 0 0
2025-02-17T20:48:11Z [AreaTriggerEvents] Created trigger ArcticCrypt3 at 15642 208.9 14788 ori: 0 0 0
2025-02-17T20:48:11Z [AreaTriggerEvents] Created trigger KMUCMain at 7059 573.5 11620 ori: 0 0 0
2025-02-17T20:48:11Z [AreaTriggerEvents] Created trigger KMUCMainBottom at 7249 224.8 11617 ori: 0 0 0
2025-02-17T20:48:11Z [AreaTriggerEvents] Created trigger TempleBridgeJump at 371 49.6 526 ori: 0 0 0
2025-02-17T20:48:11Z [AreaTriggerEvents] Created trigger TempleOutsideTop1 at 739.5 38 483 ori: 0 0 0
2025-02-17T20:48:11Z [AreaTriggerEvents] Created trigger TempleOutsideTop2 at 670 49.5 306 ori: 0 0 0
2025-02-17T20:48:11Z [AreaTriggerEvents] Created trigger TempleWolfTrap at 591 14.3 390 ori: 0 0 0
2025-02-17T20:48:11Z [AreaTriggerEvents] Created trigger TempleInside1 at 865 19.2 410 ori: 0 0 0
2025-02-17T20:48:11Z [AreaTriggerEvents] Created trigger TempleInside2 at 828 38 484 ori: 0 0 0
2025-02-17T20:48:11Z [AreaTriggerEvents] Created trigger TempleHammerTrigger at 366 54.3 868 ori: 0 0 0
2025-02-17T20:48:11Z [AreaTriggerEvents] Created trigger TemplePartB1 at 405 130 1517 ori: 0 0 0
2025-02-17T20:48:11Z [AreaTriggerEvents] Created trigger TemplePartB2 at 417 2.4 1591 ori: 0 0 0
2025-02-17T21:37:01Z [AreaTriggerEvents] Created trigger ArcticCrypt at 15621 231.4 14845 ori: 0 0 0
2025-02-17T21:37:01Z [AreaTriggerEvents] Created trigger ArcticCrypt2 at 15640 258.6 14828 ori: 0 0 0
2025-02-17T21:37:01Z [AreaTriggerEvents] Created trigger ArcticCrypt3 at 15642 208.9 14788 ori: 0 0 0
2025-02-17T21:37:01Z [AreaTriggerEvents] Created trigger KMUCMain at 7059 573.5 11620 ori: 0 0 0
2025-02-17T21:37:01Z [AreaTriggerEvents] Created trigger KMUCMainBottom at 7249 224.8 11617 ori: 0 0 0
2025-02-17T21:37:01Z [AreaTriggerEvents] Created trigger TempleBridgeJump at 371 49.6 526 ori: 0 0 0
2025-02-17T21:37:01Z [AreaTriggerEvents] Created trigger TempleOutsideTop1 at 739.5 38 483 ori: 0 0 0
2025-02-17T21:37:01Z [AreaTriggerEvents] Created trigger TempleOutsideTop2 at 670 49.5 306 ori: 0 0 0
2025-02-17T21:37:01Z [AreaTriggerEvents] Created trigger TempleWolfTrap at 591 14.3 390 ori: 0 0 0
2025-02-17T21:37:01Z [AreaTriggerEvents] Created trigger TempleInside1 at 865 19.2 410 ori: 0 0 0
2025-02-17T21:37:01Z [AreaTriggerEvents] Created trigger TempleInside2 at 828 38 484 ori: 0 0 0
2025-02-17T21:37:01Z [AreaTriggerEvents] Created trigger TempleHammerTrigger at 366 54.3 868 ori: 0 0 0
2025-02-17T21:37:01Z [AreaTriggerEvents] Created trigger TemplePartB1 at 405 130 1517 ori: 0 0 0
2025-02-17T21:37:01Z [AreaTriggerEvents] Created trigger TemplePartB2 at 417 2.4 1591 ori: 0 0 0
2025-02-17T21:42:08Z [AreaTriggerEvents] Created trigger ArcticCrypt at 15621 231.4 14845 ori: 0 0 0
2025-02-17T21:42:08Z [AreaTriggerEvents] Created trigger ArcticCrypt2 at 15640 258.6 14828 ori: 0 0 0
2025-02-17T21:42:08Z [AreaTriggerEvents] Created trigger ArcticCrypt3 at 15642 208.9 14788 ori: 0 0 0
2025-02-17T21:42:08Z [AreaTriggerEvents] Created trigger KMUCMain at 7059 573.5 11620 ori: 0 0 0
2025-02-17T21:42:08Z [AreaTriggerEvents] Created trigger KMUCMainBottom at 7249 224.8 11617 ori: 0 0 0
2025-02-17T21:42:08Z [AreaTriggerEvents] Created trigger TempleBridgeJump at 371 49.6 526 ori: 0 0 0
2025-02-17T21:42:08Z [AreaTriggerEvents] Created trigger TempleOutsideTop1 at 739.5 38 483 ori: 0 0 0
2025-02-17T21:42:08Z [AreaTriggerEvents] Created trigger TempleOutsideTop2 at 670 49.5 306 ori: 0 0 0
2025-02-17T21:42:08Z [AreaTriggerEvents] Created trigger TempleWolfTrap at 591 14.3 390 ori: 0 0 0
2025-02-17T21:42:08Z [AreaTriggerEvents] Created trigger TempleInside1 at 865 19.2 410 ori: 0 0 0
2025-02-17T21:42:08Z [AreaTriggerEvents] Created trigger TempleInside2 at 828 38 484 ori: 0 0 0
2025-02-17T21:42:08Z [AreaTriggerEvents] Created trigger TempleHammerTrigger at 366 54.3 868 ori: 0 0 0
2025-02-17T21:42:08Z [AreaTriggerEvents] Created trigger TemplePartB1 at 405 130 1517 ori: 0 0 0
2025-02-17T21:42:08Z [AreaTriggerEvents] Created trigger TemplePartB2 at 417 2.4 1591 ori: 0 0 0
2025-02-17T21:44:13Z [AreaTriggerEvents] Created trigger ArcticCrypt at 15621 231.4 14845 ori: 0 0 0
2025-02-17T21:44:13Z [AreaTriggerEvents] Created trigger ArcticCrypt2 at 15640 258.6 14828 ori: 0 0 0
2025-02-17T21:44:13Z [AreaTriggerEvents] Created trigger ArcticCrypt3 at 15642 208.9 14788 ori: 0 0 0
2025-02-17T21:44:13Z [AreaTriggerEvents] Created trigger KMUCMain at 7059 573.5 11620 ori: 0 0 0
2025-02-17T21:44:13Z [AreaTriggerEvents] Created trigger KMUCMainBottom at 7249 224.8 11617 ori: 0 0 0
2025-02-17T21:44:13Z [AreaTriggerEvents] Created trigger TempleBridgeJump at 371 49.6 526 ori: 0 0 0
2025-02-17T21:44:13Z [AreaTriggerEvents] Created trigger TempleOutsideTop1 at 739.5 38 483 ori: 0 0 0
2025-02-17T21:44:13Z [AreaTriggerEvents] Created trigger TempleOutsideTop2 at 670 49.5 306 ori: 0 0 0
2025-02-17T21:44:13Z [AreaTriggerEvents] Created trigger TempleWolfTrap at 591 14.3 390 ori: 0 0 0
2025-02-17T21:44:13Z [AreaTriggerEvents] Created trigger TempleInside1 at 865 19.2 410 ori: 0 0 0
2025-02-17T21:44:13Z [AreaTriggerEvents] Created trigger TempleInside2 at 828 38 484 ori: 0 0 0
2025-02-17T21:44:13Z [AreaTriggerEvents] Created trigger TempleHammerTrigger at 366 54.3 868 ori: 0 0 0
2025-02-17T21:44:13Z [AreaTriggerEvents] Created trigger TemplePartB1 at 405 130 1517 ori: 0 0 0
2025-02-17T21:44:13Z [AreaTriggerEvents] Created trigger TemplePartB2 at 417 2.4 1591 ori: 0 0 0
2025-02-17T21:46:43Z [AreaTriggerEvents] Created trigger ArcticCrypt at 15621 231.4 14845 ori: 0 0 0
2025-02-17T21:46:43Z [AreaTriggerEvents] Created trigger ArcticCrypt2 at 15640 258.6 14828 ori: 0 0 0
2025-02-17T21:46:43Z [AreaTriggerEvents] Created trigger ArcticCrypt3 at 15642 208.9 14788 ori: 0 0 0
2025-02-17T21:46:43Z [AreaTriggerEvents] Created trigger KMUCMain at 7059 573.5 11620 ori: 0 0 0
2025-02-17T21:46:43Z [AreaTriggerEvents] Created trigger KMUCMainBottom at 7249 224.8 11617 ori: 0 0 0
2025-02-17T21:46:43Z [AreaTriggerEvents] Created trigger TempleBridgeJump at 371 49.6 526 ori: 0 0 0
2025-02-17T21:46:43Z [AreaTriggerEvents] Created trigger TempleOutsideTop1 at 739.5 38 483 ori: 0 0 0
2025-02-17T21:46:43Z [AreaTriggerEvents] Created trigger TempleOutsideTop2 at 670 49.5 306 ori: 0 0 0
2025-02-17T21:46:43Z [AreaTriggerEvents] Created trigger TempleWolfTrap at 591 14.3 390 ori: 0 0 0
2025-02-17T21:46:43Z [AreaTriggerEvents] Created trigger TempleInside1 at 865 19.2 410 ori: 0 0 0
2025-02-17T21:46:43Z [AreaTriggerEvents] Created trigger TempleInside2 at 828 38 484 ori: 0 0 0
2025-02-17T21:46:43Z [AreaTriggerEvents] Created trigger TempleHammerTrigger at 366 54.3 868 ori: 0 0 0
2025-02-17T21:46:43Z [AreaTriggerEvents] Created trigger TemplePartB1 at 405 130 1517 ori: 0 0 0
2025-02-17T21:46:43Z [AreaTriggerEvents] Created trigger TemplePartB2 at 417 2.4 1591 ori: 0 0 0
2025-02-17T21:50:33Z [AreaTriggerEvents] Created trigger ArcticCrypt at 15621 231.4 14845 ori: 0 0 0
2025-02-17T21:50:33Z [AreaTriggerEvents] Created trigger ArcticCrypt2 at 15640 258.6 14828 ori: 0 0 0
2025-02-17T21:50:33Z [AreaTriggerEvents] Created trigger ArcticCrypt3 at 15642 208.9 14788 ori: 0 0 0
2025-02-17T21:50:33Z [AreaTriggerEvents] Created trigger KMUCMain at 7059 573.5 11620 ori: 0 0 0
2025-02-17T21:50:33Z [AreaTriggerEvents] Created trigger KMUCMainBottom at 7249 224.8 11617 ori: 0 0 0
2025-02-17T21:50:33Z [AreaTriggerEvents] Created trigger TempleBridgeJump at 371 49.6 526 ori: 0 0 0
2025-02-17T21:50:33Z [AreaTriggerEvents] Created trigger TempleOutsideTop1 at 739.5 38 483 ori: 0 0 0
2025-02-17T21:50:33Z [AreaTriggerEvents] Created trigger TempleOutsideTop2 at 670 49.5 306 ori: 0 0 0
2025-02-17T21:50:33Z [AreaTriggerEvents] Created trigger TempleWolfTrap at 591 14.3 390 ori: 0 0 0
2025-02-17T21:50:33Z [AreaTriggerEvents] Created trigger TempleInside1 at 865 19.2 410 ori: 0 0 0
2025-02-17T21:50:33Z [AreaTriggerEvents] Created trigger TempleInside2 at 828 38 484 ori: 0 0 0
2025-02-17T21:50:33Z [AreaTriggerEvents] Created trigger TempleHammerTrigger at 366 54.3 868 ori: 0 0 0
2025-02-17T21:50:33Z [AreaTriggerEvents] Created trigger TemplePartB1 at 405 130 1517 ori: 0 0 0
2025-02-17T21:50:33Z [AreaTriggerEvents] Created trigger TemplePartB2 at 417 2.4 1591 ori: 0 0 0
2025-02-17T21:52:38Z [AreaTriggerEvents] Created trigger ArcticCrypt at 15621 231.4 14845 ori: 0 0 0
2025-02-17T21:52:38Z [AreaTriggerEvents] Created trigger ArcticCrypt2 at 15640 258.6 14828 ori: 0 0 0
2025-02-17T21:52:38Z [AreaTriggerEvents] Created trigger ArcticCrypt3 at 15642 208.9 14788 ori: 0 0 0
2025-02-17T21:52:38Z [AreaTriggerEvents] Created trigger KMUCMain at 7059 573.5 11620 ori: 0 0 0
2025-02-17T21:52:38Z [AreaTriggerEvents] Created trigger KMUCMainBottom at 7249 224.8 11617 ori: 0 0 0
2025-02-17T21:52:38Z [AreaTriggerEvents] Created trigger TempleBridgeJump at 371 49.6 526 ori: 0 0 0
2025-02-17T21:52:38Z [AreaTriggerEvents] Created trigger TempleOutsideTop1 at 739.5 38 483 ori: 0 0 0
2025-02-17T21:52:38Z [AreaTriggerEvents] Created trigger TempleOutsideTop2 at 670 49.5 306 ori: 0 0 0
2025-02-17T21:52:38Z [AreaTriggerEvents] Created trigger TempleWolfTrap at 591 14.3 390 ori: 0 0 0
2025-02-17T21:52:38Z [AreaTriggerEvents] Created trigger TempleInside1 at 865 19.2 410 ori: 0 0 0
2025-02-17T21:52:38Z [AreaTriggerEvents] Created trigger TempleInside2 at 828 38 484 ori: 0 0 0
2025-02-17T21:52:38Z [AreaTriggerEvents] Created trigger TempleHammerTrigger at 366 54.3 868 ori: 0 0 0
2025-02-17T21:52:38Z [AreaTriggerEvents] Created trigger TemplePartB1 at 405 130 1517 ori: 0 0 0
2025-02-17T21:52:38Z [AreaTriggerEvents] Created trigger TemplePartB2 at 417 2.4 1591 ori: 0 0 0
2025-02-17T21:53:34Z [AreaTriggerEvents] Created trigger ArcticCrypt at 15621 231.4 14845 ori: 0 0 0
2025-02-17T21:53:34Z [AreaTriggerEvents] Created trigger ArcticCrypt2 at 15640 258.6 14828 ori: 0 0 0
2025-02-17T21:53:34Z [AreaTriggerEvents] Created trigger ArcticCrypt3 at 15642 208.9 14788 ori: 0 0 0
2025-02-17T21:53:34Z [AreaTriggerEvents] Created trigger KMUCMain at 7059 573.5 11620 ori: 0 0 0
2025-02-17T21:53:34Z [AreaTriggerEvents] Created trigger KMUCMainBottom at 7249 224.8 11617 ori: 0 0 0
2025-02-17T21:53:34Z [AreaTriggerEvents] Created trigger TempleBridgeJump at 371 49.6 526 ori: 0 0 0
2025-02-17T21:53:34Z [AreaTriggerEvents] Created trigger TempleOutsideTop1 at 739.5 38 483 ori: 0 0 0
2025-02-17T21:53:34Z [AreaTriggerEvents] Created trigger TempleOutsideTop2 at 670 49.5 306 ori: 0 0 0
2025-02-17T21:53:34Z [AreaTriggerEvents] Created trigger TempleWolfTrap at 591 14.3 390 ori: 0 0 0
2025-02-17T21:53:34Z [AreaTriggerEvents] Created trigger TempleInside1 at 865 19.2 410 ori: 0 0 0
2025-02-17T21:53:34Z [AreaTriggerEvents] Created trigger TempleInside2 at 828 38 484 ori: 0 0 0
2025-02-17T21:53:34Z [AreaTriggerEvents] Created trigger TempleHammerTrigger at 366 54.3 868 ori: 0 0 0
2025-02-17T21:53:34Z [AreaTriggerEvents] Created trigger TemplePartB1 at 405 130 1517 ori: 0 0 0
2025-02-17T21:53:34Z [AreaTriggerEvents] Created trigger TemplePartB2 at 417 2.4 1591 ori: 0 0 0
2025-02-17T21:55:51Z [AreaTriggerEvents] Created trigger ArcticCrypt at 15621 231.4 14845 ori: 0 0 0
2025-02-17T21:55:51Z [AreaTriggerEvents] Created trigger ArcticCrypt2 at 15640 258.6 14828 ori: 0 0 0
2025-02-17T21:55:51Z [AreaTriggerEvents] Created trigger ArcticCrypt3 at 15642 208.9 14788 ori: 0 0 0
2025-02-17T21:55:51Z [AreaTriggerEvents] Created trigger KMUCMain at 7059 573.5 11620 ori: 0 0 0
2025-02-17T21:55:51Z [AreaTriggerEvents] Created trigger KMUCMainBottom at 7249 224.8 11617 ori: 0 0 0
2025-02-17T21:55:51Z [AreaTriggerEvents] Created trigger TempleBridgeJump at 371 49.6 526 ori: 0 0 0
2025-02-17T21:55:51Z [AreaTriggerEvents] Created trigger TempleOutsideTop1 at 739.5 38 483 ori: 0 0 0
2025-02-17T21:55:51Z [AreaTriggerEvents] Created trigger TempleOutsideTop2 at 670 49.5 306 ori: 0 0 0
2025-02-17T21:55:51Z [AreaTriggerEvents] Created trigger TempleWolfTrap at 591 14.3 390 ori: 0 0 0
2025-02-17T21:55:51Z [AreaTriggerEvents] Created trigger TempleInside1 at 865 19.2 410 ori: 0 0 0
2025-02-17T21:55:51Z [AreaTriggerEvents] Created trigger TempleInside2 at 828 38 484 ori: 0 0 0
2025-02-17T21:55:51Z [AreaTriggerEvents] Created trigger TempleHammerTrigger at 366 54.3 868 ori: 0 0 0
2025-02-17T21:55:51Z [AreaTriggerEvents] Created trigger TemplePartB1 at 405 130 1517 ori: 0 0 0
2025-02-17T21:55:51Z [AreaTriggerEvents] Created trigger TemplePartB2 at 417 2.4 1591 ori: 0 0 0
2025-02-17T21:58:11Z [AreaTriggerEvents] Created trigger ArcticCrypt at 15621 231.4 14845 ori: 0 0 0
2025-02-17T21:58:11Z [AreaTriggerEvents] Created trigger ArcticCrypt2 at 15640 258.6 14828 ori: 0 0 0
2025-02-17T21:58:11Z [AreaTriggerEvents] Created trigger ArcticCrypt3 at 15642 208.9 14788 ori: 0 0 0
2025-02-17T21:58:11Z [AreaTriggerEvents] Created trigger KMUCMain at 7059 573.5 11620 ori: 0 0 0
2025-02-17T21:58:11Z [AreaTriggerEvents] Created trigger KMUCMainBottom at 7249 224.8 11617 ori: 0 0 0
2025-02-17T21:58:11Z [AreaTriggerEvents] Created trigger TempleBridgeJump at 371 49.6 526 ori: 0 0 0
2025-02-17T21:58:11Z [AreaTriggerEvents] Created trigger TempleOutsideTop1 at 739.5 38 483 ori: 0 0 0
2025-02-17T21:58:11Z [AreaTriggerEvents] Created trigger TempleOutsideTop2 at 670 49.5 306 ori: 0 0 0
2025-02-17T21:58:11Z [AreaTriggerEvents] Created trigger TempleWolfTrap at 591 14.3 390 ori: 0 0 0
2025-02-17T21:58:11Z [AreaTriggerEvents] Created trigger TempleInside1 at 865 19.2 410 ori: 0 0 0
2025-02-17T21:58:11Z [AreaTriggerEvents] Created trigger TempleInside2 at 828 38 484 ori: 0 0 0
2025-02-17T21:58:11Z [AreaTriggerEvents] Created trigger TempleHammerTrigger at 366 54.3 868 ori: 0 0 0
2025-02-17T21:58:11Z [AreaTriggerEvents] Created trigger TemplePartB1 at 405 130 1517 ori: 0 0 0
2025-02-17T21:58:11Z [AreaTriggerEvents] Created trigger TemplePartB2 at 417 2.4 1591 ori: 0 0 0
2025-02-17T22:00:26Z [AreaTriggerEvents] Created trigger ArcticCrypt at 15621 231.4 14845 ori: 0 0 0
2025-02-17T22:00:26Z [AreaTriggerEvents] Created trigger ArcticCrypt2 at 15640 258.6 14828 ori: 0 0 0
2025-02-17T22:00:26Z [AreaTriggerEvents] Created trigger ArcticCrypt3 at 15642 208.9 14788 ori: 0 0 0
2025-02-17T22:00:26Z [AreaTriggerEvents] Created trigger KMUCMain at 7059 573.5 11620 ori: 0 0 0
2025-02-17T22:00:26Z [AreaTriggerEvents] Created trigger KMUCMainBottom at 7249 224.8 11617 ori: 0 0 0
2025-02-17T22:00:26Z [AreaTriggerEvents] Created trigger TempleBridgeJump at 371 49.6 526 ori: 0 0 0
2025-02-17T22:00:26Z [AreaTriggerEvents] Created trigger TempleOutsideTop1 at 739.5 38 483 ori: 0 0 0
2025-02-17T22:00:26Z [AreaTriggerEvents] Created trigger TempleOutsideTop2 at 670 49.5 306 ori: 0 0 0
2025-02-17T22:00:26Z [AreaTriggerEvents] Created trigger TempleWolfTrap at 591 14.3 390 ori: 0 0 0
2025-02-17T22:00:26Z [AreaTriggerEvents] Created trigger TempleInside1 at 865 19.2 410 ori: 0 0 0
2025-02-17T22:00:26Z [AreaTriggerEvents] Created trigger TempleInside2 at 828 38 484 ori: 0 0 0
2025-02-17T22:00:26Z [AreaTriggerEvents] Created trigger TempleHammerTrigger at 366 54.3 868 ori: 0 0 0
2025-02-17T22:00:26Z [AreaTriggerEvents] Created trigger TemplePartB1 at 405 130 1517 ori: 0 0 0
2025-02-17T22:00:26Z [AreaTriggerEvents] Created trigger TemplePartB2 at 417 2.4 1591 ori: 0 0 0
2025-02-17T22:01:16Z [AreaTriggerEvents] Created trigger ArcticCrypt at 15621 231.4 14845 ori: 0 0 0
2025-02-17T22:01:16Z [AreaTriggerEvents] Created trigger ArcticCrypt2 at 15640 258.6 14828 ori: 0 0 0
2025-02-17T22:01:16Z [AreaTriggerEvents] Created trigger ArcticCrypt3 at 15642 208.9 14788 ori: 0 0 0
2025-02-17T22:01:16Z [AreaTriggerEvents] Created trigger KMUCMain at 7059 573.5 11620 ori: 0 0 0
2025-02-17T22:01:16Z [AreaTriggerEvents] Created trigger KMUCMainBottom at 7249 224.8 11617 ori: 0 0 0
2025-02-17T22:01:16Z [AreaTriggerEvents] Created trigger TempleBridgeJump at 371 49.6 526 ori: 0 0 0
2025-02-17T22:01:16Z [AreaTriggerEvents] Created trigger TempleOutsideTop1 at 739.5 38 483 ori: 0 0 0
2025-02-17T22:01:16Z [AreaTriggerEvents] Created trigger TempleOutsideTop2 at 670 49.5 306 ori: 0 0 0
2025-02-17T22:01:16Z [AreaTriggerEvents] Created trigger TempleWolfTrap at 591 14.3 390 ori: 0 0 0
2025-02-17T22:01:16Z [AreaTriggerEvents] Created trigger TempleInside1 at 865 19.2 410 ori: 0 0 0
2025-02-17T22:01:16Z [AreaTriggerEvents] Created trigger TempleInside2 at 828 38 484 ori: 0 0 0
2025-02-17T22:01:16Z [AreaTriggerEvents] Created trigger TempleHammerTrigger at 366 54.3 868 ori: 0 0 0
2025-02-17T22:01:16Z [AreaTriggerEvents] Created trigger TemplePartB1 at 405 130 1517 ori: 0 0 0
2025-02-17T22:01:16Z [AreaTriggerEvents] Created trigger TemplePartB2 at 417 2.4 1591 ori: 0 0 0
2025-02-17T22:04:05Z [AreaTriggerEvents] Created trigger ArcticCrypt at 15621 231.4 14845 ori: 0 0 0
2025-02-17T22:04:05Z [AreaTriggerEvents] Created trigger ArcticCrypt2 at 15640 258.6 14828 ori: 0 0 0
2025-02-17T22:04:05Z [AreaTriggerEvents] Created trigger ArcticCrypt3 at 15642 208.9 14788 ori: 0 0 0
2025-02-17T22:04:05Z [AreaTriggerEvents] Created trigger KMUCMain at 7059 573.5 11620 ori: 0 0 0
2025-02-17T22:04:05Z [AreaTriggerEvents] Created trigger KMUCMainBottom at 7249 224.8 11617 ori: 0 0 0
2025-02-17T22:04:05Z [AreaTriggerEvents] Created trigger TempleBridgeJump at 371 49.6 526 ori: 0 0 0
2025-02-17T22:04:05Z [AreaTriggerEvents] Created trigger TempleOutsideTop1 at 739.5 38 483 ori: 0 0 0
2025-02-17T22:04:05Z [AreaTriggerEvents] Created trigger TempleOutsideTop2 at 670 49.5 306 ori: 0 0 0
2025-02-17T22:04:05Z [AreaTriggerEvents] Created trigger TempleWolfTrap at 591 14.3 390 ori: 0 0 0
2025-02-17T22:04:05Z [AreaTriggerEvents] Created trigger TempleInside1 at 865 19.2 410 ori: 0 0 0
2025-02-17T22:04:05Z [AreaTriggerEvents] Created trigger TempleInside2 at 828 38 484 ori: 0 0 0
2025-02-17T22:04:05Z [AreaTriggerEvents] Created trigger TempleHammerTrigger at 366 54.3 868 ori: 0 0 0
2025-02-17T22:04:05Z [AreaTriggerEvents] Created trigger TemplePartB1 at 405 130 1517 ori: 0 0 0
2025-02-17T22:04:05Z [AreaTriggerEvents] Created trigger TemplePartB2 at 417 2.4 1591 ori: 0 0 0
2025-02-18T00:24:19Z [AreaTriggerEvents] Created trigger ArcticCrypt at 15621 231.4 14845 ori: 0 0 0
2025-02-18T00:24:19Z [AreaTriggerEvents] Created trigger ArcticCrypt2 at 15640 258.6 14828 ori: 0 0 0
2025-02-18T00:24:19Z [AreaTriggerEvents] Created trigger ArcticCrypt3 at 15642 208.9 14788 ori: 0 0 0
2025-02-18T00:24:19Z [AreaTriggerEvents] Created trigger KMUCMain at 7059 573.5 11620 ori: 0 0 0
2025-02-18T00:24:19Z [AreaTriggerEvents] Created trigger KMUCMainBottom at 7249 224.8 11617 ori: 0 0 0
2025-02-18T00:24:19Z [AreaTriggerEvents] Created trigger TempleBridgeJump at 371 49.6 526 ori: 0 0 0
2025-02-18T00:24:19Z [AreaTriggerEvents] Created trigger TempleOutsideTop1 at 739.5 38 483 ori: 0 0 0
2025-02-18T00:24:19Z [AreaTriggerEvents] Created trigger TempleOutsideTop2 at 670 49.5 306 ori: 0 0 0
2025-02-18T00:24:19Z [AreaTriggerEvents] Created trigger TempleWolfTrap at 591 14.3 390 ori: 0 0 0
2025-02-18T00:24:19Z [AreaTriggerEvents] Created trigger TempleInside1 at 865 19.2 410 ori: 0 0 0
2025-02-18T00:24:19Z [AreaTriggerEvents] Created trigger TempleInside2 at 828 38 484 ori: 0 0 0
2025-02-18T00:24:19Z [AreaTriggerEvents] Created trigger TempleHammerTrigger at 366 54.3 868 ori: 0 0 0
2025-02-18T00:24:19Z [AreaTriggerEvents] Created trigger TemplePartB1 at 405 130 1517 ori: 0 0 0
2025-02-18T00:24:19Z [AreaTriggerEvents] Created trigger TemplePartB2 at 417 2.4 1591 ori: 0 0 0
2025-02-18T00:27:21Z [AreaTriggerEvents] Created trigger ArcticCrypt at 15621 231.4 14845 ori: 0 0 0
2025-02-18T00:27:21Z [AreaTriggerEvents] Created trigger ArcticCrypt2 at 15640 258.6 14828 ori: 0 0 0
2025-02-18T00:27:21Z [AreaTriggerEvents] Created trigger ArcticCrypt3 at 15642 208.9 14788 ori: 0 0 0
2025-02-18T00:27:21Z [AreaTriggerEvents] Created trigger KMUCMain at 7059 573.5 11620 ori: 0 0 0
2025-02-18T00:27:21Z [AreaTriggerEvents] Created trigger KMUCMainBottom at 7249 224.8 11617 ori: 0 0 0
2025-02-18T00:27:21Z [AreaTriggerEvents] Created trigger TempleBridgeJump at 371 49.6 526 ori: 0 0 0
2025-02-18T00:27:21Z [AreaTriggerEvents] Created trigger TempleOutsideTop1 at 739.5 38 483 ori: 0 0 0
2025-02-18T00:27:21Z [AreaTriggerEvents] Created trigger TempleOutsideTop2 at 670 49.5 306 ori: 0 0 0
2025-02-18T00:27:21Z [AreaTriggerEvents] Created trigger TempleWolfTrap at 591 14.3 390 ori: 0 0 0
2025-02-18T00:27:21Z [AreaTriggerEvents] Created trigger TempleInside1 at 865 19.2 410 ori: 0 0 0
2025-02-18T00:27:21Z [AreaTriggerEvents] Created trigger TempleInside2 at 828 38 484 ori: 0 0 0
2025-02-18T00:27:21Z [AreaTriggerEvents] Created trigger TempleHammerTrigger at 366 54.3 868 ori: 0 0 0
2025-02-18T00:27:21Z [AreaTriggerEvents] Created trigger TemplePartB1 at 405 130 1517 ori: 0 0 0
2025-02-18T00:27:21Z [AreaTriggerEvents] Created trigger TemplePartB2 at 417 2.4 1591 ori: 0 0 0
2025-02-18T00:52:06Z [AreaTriggerEvents] Created trigger ArcticCrypt at 15621 231.4 14845 ori: 0 0 0
2025-02-18T00:52:06Z [AreaTriggerEvents] Created trigger ArcticCrypt2 at 15640 258.6 14828 ori: 0 0 0
2025-02-18T00:52:06Z [AreaTriggerEvents] Created trigger ArcticCrypt3 at 15642 208.9 14788 ori: 0 0 0
2025-02-18T00:52:06Z [AreaTriggerEvents] Created trigger KMUCMain at 7059 573.5 11620 ori: 0 0 0
2025-02-18T00:52:06Z [AreaTriggerEvents] Created trigger KMUCMainBottom at 7249 224.8 11617 ori: 0 0 0
2025-02-18T00:52:06Z [AreaTriggerEvents] Created trigger TempleBridgeJump at 371 49.6 526 ori: 0 0 0
2025-02-18T00:52:06Z [AreaTriggerEvents] Created trigger TempleOutsideTop1 at 739.5 38 483 ori: 0 0 0
2025-02-18T00:52:06Z [AreaTriggerEvents] Created trigger TempleOutsideTop2 at 670 49.5 306 ori: 0 0 0
2025-02-18T00:52:06Z [AreaTriggerEvents] Created trigger TempleWolfTrap at 591 14.3 390 ori: 0 0 0
2025-02-18T00:52:06Z [AreaTriggerEvents] Created trigger TempleInside1 at 865 19.2 410 ori: 0 0 0
2025-02-18T00:52:06Z [AreaTriggerEvents] Created trigger TempleInside2 at 828 38 484 ori: 0 0 0
2025-02-18T00:52:06Z [AreaTriggerEvents] Created trigger TempleHammerTrigger at 366 54.3 868 ori: 0 0 0
2025-02-18T00:52:06Z [AreaTriggerEvents] Created trigger TemplePartB1 at 405 130 1517 ori: 0 0 0
2025-02-18T00:52:06Z [AreaTriggerEvents] Created trigger TemplePartB2 at 417 2.4 1591 ori: 0 0 0
2025-02-18T00:57:18Z [AreaTriggerEvents] Created trigger ArcticCrypt at 15621 231.4 14845 ori: 0 0 0
2025-02-18T00:57:18Z [AreaTriggerEvents] Created trigger ArcticCrypt2 at 15640 258.6 14828 ori: 0 0 0
2025-02-18T00:57:18Z [AreaTriggerEvents] Created trigger ArcticCrypt3 at 15642 208.9 14788 ori: 0 0 0
2025-02-18T00:57:18Z [AreaTriggerEvents] Created trigger KMUCMain at 7059 573.5 11620 ori: 0 0 0
2025-02-18T00:57:18Z [AreaTriggerEvents] Created trigger KMUCMainBottom at 7249 224.8 11617 ori: 0 0 0
2025-02-18T00:57:18Z [AreaTriggerEvents] Created trigger TempleBridgeJump at 371 49.6 526 ori: 0 0 0
2025-02-18T00:57:18Z [AreaTriggerEvents] Created trigger TempleOutsideTop1 at 739.5 38 483 ori: 0 0 0
2025-02-18T00:57:18Z [AreaTriggerEvents] Created trigger TempleOutsideTop2 at 670 49.5 306 ori: 0 0 0
2025-02-18T00:57:18Z [AreaTriggerEvents] Created trigger TempleWolfTrap at 591 14.3 390 ori: 0 0 0
2025-02-18T00:57:18Z [AreaTriggerEvents] Created trigger TempleInside1 at 865 19.2 410 ori: 0 0 0
2025-02-18T00:57:18Z [AreaTriggerEvents] Created trigger TempleInside2 at 828 38 484 ori: 0 0 0
2025-02-18T00:57:18Z [AreaTriggerEvents] Created trigger TempleHammerTrigger at 366 54.3 868 ori: 0 0 0
2025-02-18T00:57:18Z [AreaTriggerEvents] Created trigger TemplePartB1 at 405 130 1517 ori: 0 0 0
2025-02-18T00:57:18Z [AreaTriggerEvents] Created trigger TemplePartB2 at 417 2.4 1591 ori: 0 0 0
2025-02-18T00:59:43Z [AreaTriggerEvents] Created trigger ArcticCrypt at 15621 231.4 14845 ori: 0 0 0
2025-02-18T00:59:43Z [AreaTriggerEvents] Created trigger ArcticCrypt2 at 15640 258.6 14828 ori: 0 0 0
2025-02-18T00:59:43Z [AreaTriggerEvents] Created trigger ArcticCrypt3 at 15642 208.9 14788 ori: 0 0 0
2025-02-18T00:59:43Z [AreaTriggerEvents] Created trigger KMUCMain at 7059 573.5 11620 ori: 0 0 0
2025-02-18T00:59:43Z [AreaTriggerEvents] Created trigger KMUCMainBottom at 7249 224.8 11617 ori: 0 0 0
2025-02-18T00:59:43Z [AreaTriggerEvents] Created trigger TempleBridgeJump at 371 49.6 526 ori: 0 0 0
2025-02-18T00:59:43Z [AreaTriggerEvents] Created trigger TempleOutsideTop1 at 739.5 38 483 ori: 0 0 0
2025-02-18T00:59:43Z [AreaTriggerEvents] Created trigger TempleOutsideTop2 at 670 49.5 306 ori: 0 0 0
2025-02-18T00:59:43Z [AreaTriggerEvents] Created trigger TempleWolfTrap at 591 14.3 390 ori: 0 0 0
2025-02-18T00:59:43Z [AreaTriggerEvents] Created trigger TempleInside1 at 865 19.2 410 ori: 0 0 0
2025-02-18T00:59:43Z [AreaTriggerEvents] Created trigger TempleInside2 at 828 38 484 ori: 0 0 0
2025-02-18T00:59:43Z [AreaTriggerEvents] Created trigger TempleHammerTrigger at 366 54.3 868 ori: 0 0 0
2025-02-18T00:59:43Z [AreaTriggerEvents] Created trigger TemplePartB1 at 405 130 1517 ori: 0 0 0
2025-02-18T00:59:43Z [AreaTriggerEvents] Created trigger TemplePartB2 at 417 2.4 1591 ori: 0 0 0
2025-02-18T01:03:09Z [AreaTriggerEvents] Created trigger ArcticCrypt at 15621 231.4 14845 ori: 0 0 0
2025-02-18T01:03:09Z [AreaTriggerEvents] Created trigger ArcticCrypt2 at 15640 258.6 14828 ori: 0 0 0
2025-02-18T01:03:09Z [AreaTriggerEvents] Created trigger ArcticCrypt3 at 15642 208.9 14788 ori: 0 0 0
2025-02-18T01:03:09Z [AreaTriggerEvents] Created trigger KMUCMain at 7059 573.5 11620 ori: 0 0 0
2025-02-18T01:03:09Z [AreaTriggerEvents] Created trigger KMUCMainBottom at 7249 224.8 11617 ori: 0 0 0
2025-02-18T01:03:09Z [AreaTriggerEvents] Created trigger TempleBridgeJump at 371 49.6 526 ori: 0 0 0
2025-02-18T01:03:09Z [AreaTriggerEvents] Created trigger TempleOutsideTop1 at 739.5 38 483 ori: 0 0 0
2025-02-18T01:03:09Z [AreaTriggerEvents] Created trigger TempleOutsideTop2 at 670 49.5 306 ori: 0 0 0
2025-02-18T01:03:09Z [AreaTriggerEvents] Created trigger TempleWolfTrap at 591 14.3 390 ori: 0 0 0
2025-02-18T01:03:09Z [AreaTriggerEvents] Created trigger TempleInside1 at 865 19.2 410 ori: 0 0 0
2025-02-18T01:03:09Z [AreaTriggerEvents] Created trigger TempleInside2 at 828 38 484 ori: 0 0 0
2025-02-18T01:03:09Z [AreaTriggerEvents] Created trigger TempleHammerTrigger at 366 54.3 868 ori: 0 0 0
2025-02-18T01:03:09Z [AreaTriggerEvents] Created trigger TemplePartB1 at 405 130 1517 ori: 0 0 0
2025-02-18T01:03:09Z [AreaTriggerEvents] Created trigger TemplePartB2 at 417 2.4 1591 ori: 0 0 0
2025-02-18T01:15:13Z [AreaTriggerEvents] Created trigger ArcticCrypt at 15621 231.4 14845 ori: 0 0 0
2025-02-18T01:15:13Z [AreaTriggerEvents] Created trigger ArcticCrypt2 at 15640 258.6 14828 ori: 0 0 0
2025-02-18T01:15:13Z [AreaTriggerEvents] Created trigger ArcticCrypt3 at 15642 208.9 14788 ori: 0 0 0
2025-02-18T01:15:13Z [AreaTriggerEvents] Created trigger KMUCMain at 7059 573.5 11620 ori: 0 0 0
2025-02-18T01:15:13Z [AreaTriggerEvents] Created trigger KMUCMainBottom at 7249 224.8 11617 ori: 0 0 0
2025-02-18T01:15:13Z [AreaTriggerEvents] Created trigger TempleBridgeJump at 371 49.6 526 ori: 0 0 0
2025-02-18T01:15:13Z [AreaTriggerEvents] Created trigger TempleOutsideTop1 at 739.5 38 483 ori: 0 0 0
2025-02-18T01:15:13Z [AreaTriggerEvents] Created trigger TempleOutsideTop2 at 670 49.5 306 ori: 0 0 0
2025-02-18T01:15:13Z [AreaTriggerEvents] Created trigger TempleWolfTrap at 591 14.3 390 ori: 0 0 0
2025-02-18T01:15:13Z [AreaTriggerEvents] Created trigger TempleInside1 at 865 19.2 410 ori: 0 0 0
2025-02-18T01:15:13Z [AreaTriggerEvents] Created trigger TempleInside2 at 828 38 484 ori: 0 0 0
2025-02-18T01:15:13Z [AreaTriggerEvents] Created trigger TempleHammerTrigger at 366 54.3 868 ori: 0 0 0
2025-02-18T01:15:13Z [AreaTriggerEvents] Created trigger TemplePartB1 at 405 130 1517 ori: 0 0 0
2025-02-18T01:15:13Z [AreaTriggerEvents] Created trigger TemplePartB2 at 417 2.4 1591 ori: 0 0 0
2025-02-18T01:26:22Z [AreaTriggerEvents] Created trigger ArcticCrypt at 15621 231.4 14845 ori: 0 0 0
2025-02-18T01:26:22Z [AreaTriggerEvents] Created trigger ArcticCrypt2 at 15640 258.6 14828 ori: 0 0 0
2025-02-18T01:26:22Z [AreaTriggerEvents] Created trigger ArcticCrypt3 at 15642 208.9 14788 ori: 0 0 0
2025-02-18T01:26:22Z [AreaTriggerEvents] Created trigger KMUCMain at 7059 573.5 11620 ori: 0 0 0
2025-02-18T01:26:22Z [AreaTriggerEvents] Created trigger KMUCMainBottom at 7249 224.8 11617 ori: 0 0 0
2025-02-18T01:26:22Z [AreaTriggerEvents] Created trigger TempleBridgeJump at 371 49.6 526 ori: 0 0 0
2025-02-18T01:26:22Z [AreaTriggerEvents] Created trigger TempleOutsideTop1 at 739.5 38 483 ori: 0 0 0
2025-02-18T01:26:22Z [AreaTriggerEvents] Created trigger TempleOutsideTop2 at 670 49.5 306 ori: 0 0 0
2025-02-18T01:26:22Z [AreaTriggerEvents] Created trigger TempleWolfTrap at 591 14.3 390 ori: 0 0 0
2025-02-18T01:26:22Z [AreaTriggerEvents] Created trigger TempleInside1 at 865 19.2 410 ori: 0 0 0
2025-02-18T01:26:22Z [AreaTriggerEvents] Created trigger TempleInside2 at 828 38 484 ori: 0 0 0
2025-02-18T01:26:22Z [AreaTriggerEvents] Created trigger TempleHammerTrigger at 366 54.3 868 ori: 0 0 0
2025-02-18T01:26:22Z [AreaTriggerEvents] Created trigger TemplePartB1 at 405 130 1517 ori: 0 0 0
2025-02-18T01:26:22Z [AreaTriggerEvents] Created trigger TemplePartB2 at 417 2.4 1591 ori: 0 0 0
2025-02-18T01:35:45Z [AreaTriggerEvents] Created trigger ArcticCrypt at 15621 231.4 14845 ori: 0 0 0
2025-02-18T01:35:45Z [AreaTriggerEvents] Created trigger ArcticCrypt2 at 15640 258.6 14828 ori: 0 0 0
2025-02-18T01:35:45Z [AreaTriggerEvents] Created trigger ArcticCrypt3 at 15642 208.9 14788 ori: 0 0 0
2025-02-18T01:35:45Z [AreaTriggerEvents] Created trigger KMUCMain at 7059 573.5 11620 ori: 0 0 0
2025-02-18T01:35:45Z [AreaTriggerEvents] Created trigger KMUCMainBottom at 7249 224.8 11617 ori: 0 0 0
2025-02-18T01:35:45Z [AreaTriggerEvents] Created trigger TempleBridgeJump at 371 49.6 526 ori: 0 0 0
2025-02-18T01:35:45Z [AreaTriggerEvents] Created trigger TempleOutsideTop1 at 739.5 38 483 ori: 0 0 0
2025-02-18T01:35:45Z [AreaTriggerEvents] Created trigger TempleOutsideTop2 at 670 49.5 306 ori: 0 0 0
2025-02-18T01:35:45Z [AreaTriggerEvents] Created trigger TempleWolfTrap at 591 14.3 390 ori: 0 0 0
2025-02-18T01:35:45Z [AreaTriggerEvents] Created trigger TempleInside1 at 865 19.2 410 ori: 0 0 0
2025-02-18T01:35:45Z [AreaTriggerEvents] Created trigger TempleInside2 at 828 38 484 ori: 0 0 0
2025-02-18T01:35:45Z [AreaTriggerEvents] Created trigger TempleHammerTrigger at 366 54.3 868 ori: 0 0 0
2025-02-18T01:35:45Z [AreaTriggerEvents] Created trigger TemplePartB1 at 405 130 1517 ori: 0 0 0
2025-02-18T01:35:45Z [AreaTriggerEvents] Created trigger TemplePartB2 at 417 2.4 1591 ori: 0 0 0
2025-02-21T04:08:27Z [AreaTriggerEvents] Created trigger ArcticCrypt at 15621 231.4 14845 ori: 0 0 0
2025-02-21T04:08:27Z [AreaTriggerEvents] Created trigger ArcticCrypt2 at 15640 258.6 14828 ori: 0 0 0
2025-02-21T04:08:27Z [AreaTriggerEvents] Created trigger ArcticCrypt3 at 15642 208.9 14788 ori: 0 0 0
2025-02-21T04:08:27Z [AreaTriggerEvents] Created trigger KMUCMain at 7059 573.5 11620 ori: 0 0 0
2025-02-21T04:08:27Z [AreaTriggerEvents] Created trigger KMUCMainBottom at 7249 224.8 11617 ori: 0 0 0
2025-02-21T04:08:27Z [AreaTriggerEvents] Created trigger TempleBridgeJump at 371 49.6 526 ori: 0 0 0
2025-02-21T04:08:27Z [AreaTriggerEvents] Created trigger TempleOutsideTop1 at 739.5 38 483 ori: 0 0 0
2025-02-21T04:08:27Z [AreaTriggerEvents] Created trigger TempleOutsideTop2 at 670 49.5 306 ori: 0 0 0
2025-02-21T04:08:27Z [AreaTriggerEvents] Created trigger TempleWolfTrap at 591 14.3 390 ori: 0 0 0
2025-02-21T04:08:27Z [AreaTriggerEvents] Created trigger TempleInside1 at 865 19.2 410 ori: 0 0 0
2025-02-21T04:08:27Z [AreaTriggerEvents] Created trigger TempleInside2 at 828 38 484 ori: 0 0 0
2025-02-21T04:08:27Z [AreaTriggerEvents] Created trigger TempleHammerTrigger at 366 54.3 868 ori: 0 0 0
2025-02-21T04:08:27Z [AreaTriggerEvents] Created trigger TemplePartB1 at 405 130 1517 ori: 0 0 0
2025-02-21T04:08:27Z [AreaTriggerEvents] Created trigger TemplePartB2 at 417 2.4 1591 ori: 0 0 0
2025-02-21T18:41:11Z [AreaTriggerEvents] Created trigger ArcticCrypt at 15621 231.4 14845 ori: 0 0 0
2025-02-21T18:41:11Z [AreaTriggerEvents] Created trigger ArcticCrypt2 at 15640 258.6 14828 ori: 0 0 0
2025-02-21T18:41:11Z [AreaTriggerEvents] Created trigger ArcticCrypt3 at 15642 208.9 14788 ori: 0 0 0
2025-02-21T18:41:11Z [AreaTriggerEvents] Created trigger KMUCMain at 7059 573.5 11620 ori: 0 0 0
2025-02-21T18:41:11Z [AreaTriggerEvents] Created trigger KMUCMainBottom at 7249 224.8 11617 ori: 0 0 0
2025-02-21T18:41:11Z [AreaTriggerEvents] Created trigger TempleBridgeJump at 371 49.6 526 ori: 0 0 0
2025-02-21T18:41:11Z [AreaTriggerEvents] Created trigger TempleOutsideTop1 at 739.5 38 483 ori: 0 0 0
2025-02-21T18:41:11Z [AreaTriggerEvents] Created trigger TempleOutsideTop2 at 670 49.5 306 ori: 0 0 0
2025-02-21T18:41:11Z [AreaTriggerEvents] Created trigger TempleWolfTrap at 591 14.3 390 ori: 0 0 0
2025-02-21T18:41:11Z [AreaTriggerEvents] Created trigger TempleInside1 at 865 19.2 410 ori: 0 0 0
2025-02-21T18:41:11Z [AreaTriggerEvents] Created trigger TempleInside2 at 828 38 484 ori: 0 0 0
2025-02-21T18:41:11Z [AreaTriggerEvents] Created trigger TempleHammerTrigger at 366 54.3 868 ori: 0 0 0
2025-02-21T18:41:11Z [AreaTriggerEvents] Created trigger TemplePartB1 at 405 130 1517 ori: 0 0 0
2025-02-21T18:41:11Z [AreaTriggerEvents] Created trigger TemplePartB2 at 417 2.4 1591 ori: 0 0 0
2025-02-23T01:52:22Z [AreaTriggerEvents] Created trigger ArcticCrypt at 15621 231.4 14845 ori: 0 0 0
2025-02-23T01:52:22Z [AreaTriggerEvents] Created trigger ArcticCrypt2 at 15640 258.6 14828 ori: 0 0 0
2025-02-23T01:52:22Z [AreaTriggerEvents] Created trigger ArcticCrypt3 at 15642 208.9 14788 ori: 0 0 0
2025-02-23T01:52:22Z [AreaTriggerEvents] Created trigger KMUCMain at 7059 573.5 11620 ori: 0 0 0
2025-02-23T01:52:22Z [AreaTriggerEvents] Created trigger KMUCMainBottom at 7249 224.8 11617 ori: 0 0 0
2025-02-23T01:52:22Z [AreaTriggerEvents] Created trigger TempleBridgeJump at 371 49.6 526 ori: 0 0 0
2025-02-23T01:52:22Z [AreaTriggerEvents] Created trigger TempleOutsideTop1 at 739.5 38 483 ori: 0 0 0
2025-02-23T01:52:22Z [AreaTriggerEvents] Created trigger TempleOutsideTop2 at 670 49.5 306 ori: 0 0 0
2025-02-23T01:52:22Z [AreaTriggerEvents] Created trigger TempleWolfTrap at 591 14.3 390 ori: 0 0 0
2025-02-23T01:52:22Z [AreaTriggerEvents] Created trigger TempleInside1 at 865 19.2 410 ori: 0 0 0
2025-02-23T01:52:22Z [AreaTriggerEvents] Created trigger TempleInside2 at 828 38 484 ori: 0 0 0
2025-02-23T01:52:22Z [AreaTriggerEvents] Created trigger TempleHammerTrigger at 366 54.3 868 ori: 0 0 0
2025-02-23T01:52:22Z [AreaTriggerEvents] Created trigger TemplePartB1 at 405 130 1517 ori: 0 0 0
2025-02-23T01:52:22Z [AreaTriggerEvents] Created trigger TemplePartB2 at 417 2.4 1591 ori: 0 0 0
2025-02-23T02:41:33Z [AreaTriggerEvents] Created trigger ArcticCrypt at 15621 231.4 14845 ori: 0 0 0
2025-02-23T02:41:33Z [AreaTriggerEvents] Created trigger ArcticCrypt2 at 15640 258.6 14828 ori: 0 0 0
2025-02-23T02:41:33Z [AreaTriggerEvents] Created trigger ArcticCrypt3 at 15642 208.9 14788 ori: 0 0 0
2025-02-23T02:41:33Z [AreaTriggerEvents] Created trigger KMUCMain at 7059 573.5 11620 ori: 0 0 0
2025-02-23T02:41:33Z [AreaTriggerEvents] Created trigger KMUCMainBottom at 7249 224.8 11617 ori: 0 0 0
2025-02-23T02:41:33Z [AreaTriggerEvents] Created trigger TempleBridgeJump at 371 49.6 526 ori: 0 0 0
2025-02-23T02:41:33Z [AreaTriggerEvents] Created trigger TempleOutsideTop1 at 739.5 38 483 ori: 0 0 0
2025-02-23T02:41:33Z [AreaTriggerEvents] Created trigger TempleOutsideTop2 at 670 49.5 306 ori: 0 0 0
2025-02-23T02:41:33Z [AreaTriggerEvents] Created trigger TempleWolfTrap at 591 14.3 390 ori: 0 0 0
2025-02-23T02:41:33Z [AreaTriggerEvents] Created trigger TempleInside1 at 865 19.2 410 ori: 0 0 0
2025-02-23T02:41:33Z [AreaTriggerEvents] Created trigger TempleInside2 at 828 38 484 ori: 0 0 0
2025-02-23T02:41:33Z [AreaTriggerEvents] Created trigger TempleHammerTrigger at 366 54.3 868 ori: 0 0 0
2025-02-23T02:41:33Z [AreaTriggerEvents] Created trigger TemplePartB1 at 405 130 1517 ori: 0 0 0
2025-02-23T02:41:33Z [AreaTriggerEvents] Created trigger TemplePartB2 at 417 2.4 1591 ori: 0 0 0
2025-02-23T02:45:04Z [AreaTriggerEvents] Created trigger ArcticCrypt at 15621 231.4 14845 ori: 0 0 0
2025-02-23T02:45:04Z [AreaTriggerEvents] Created trigger ArcticCrypt2 at 15640 258.6 14828 ori: 0 0 0
2025-02-23T02:45:04Z [AreaTriggerEvents] Created trigger ArcticCrypt3 at 15642 208.9 14788 ori: 0 0 0
2025-02-23T02:45:04Z [AreaTriggerEvents] Created trigger KMUCMain at 7059 573.5 11620 ori: 0 0 0
2025-02-23T02:45:04Z [AreaTriggerEvents] Created trigger KMUCMainBottom at 7249 224.8 11617 ori: 0 0 0
2025-02-23T02:45:04Z [AreaTriggerEvents] Created trigger TempleBridgeJump at 371 49.6 526 ori: 0 0 0
2025-02-23T02:45:04Z [AreaTriggerEvents] Created trigger TempleOutsideTop1 at 739.5 38 483 ori: 0 0 0
2025-02-23T02:45:04Z [AreaTriggerEvents] Created trigger TempleOutsideTop2 at 670 49.5 306 ori: 0 0 0
2025-02-23T02:45:04Z [AreaTriggerEvents] Created trigger TempleWolfTrap at 591 14.3 390 ori: 0 0 0
2025-02-23T02:45:04Z [AreaTriggerEvents] Created trigger TempleInside1 at 865 19.2 410 ori: 0 0 0
2025-02-23T02:45:04Z [AreaTriggerEvents] Created trigger TempleInside2 at 828 38 484 ori: 0 0 0
2025-02-23T02:45:04Z [AreaTriggerEvents] Created trigger TempleHammerTrigger at 366 54.3 868 ori: 0 0 0
2025-02-23T02:45:04Z [AreaTriggerEvents] Created trigger TemplePartB1 at 405 130 1517 ori: 0 0 0
2025-02-23T02:45:04Z [AreaTriggerEvents] Created trigger TemplePartB2 at 417 2.4 1591 ori: 0 0 0
2025-02-23T02:48:07Z [AreaTriggerEvents] Created trigger ArcticCrypt at 15621 231.4 14845 ori: 0 0 0
2025-02-23T02:48:07Z [AreaTriggerEvents] Created trigger ArcticCrypt2 at 15640 258.6 14828 ori: 0 0 0
2025-02-23T02:48:07Z [AreaTriggerEvents] Created trigger ArcticCrypt3 at 15642 208.9 14788 ori: 0 0 0
2025-02-23T02:48:07Z [AreaTriggerEvents] Created trigger KMUCMain at 7059 573.5 11620 ori: 0 0 0
2025-02-23T02:48:07Z [AreaTriggerEvents] Created trigger KMUCMainBottom at 7249 224.8 11617 ori: 0 0 0
2025-02-23T02:48:07Z [AreaTriggerEvents] Created trigger TempleBridgeJump at 371 49.6 526 ori: 0 0 0
2025-02-23T02:48:07Z [AreaTriggerEvents] Created trigger TempleOutsideTop1 at 739.5 38 483 ori: 0 0 0
2025-02-23T02:48:07Z [AreaTriggerEvents] Created trigger TempleOutsideTop2 at 670 49.5 306 ori: 0 0 0
2025-02-23T02:48:07Z [AreaTriggerEvents] Created trigger TempleWolfTrap at 591 14.3 390 ori: 0 0 0
2025-02-23T02:48:07Z [AreaTriggerEvents] Created trigger TempleInside1 at 865 19.2 410 ori: 0 0 0
2025-02-23T02:48:07Z [AreaTriggerEvents] Created trigger TempleInside2 at 828 38 484 ori: 0 0 0
2025-02-23T02:48:07Z [AreaTriggerEvents] Created trigger TempleHammerTrigger at 366 54.3 868 ori: 0 0 0
2025-02-23T02:48:07Z [AreaTriggerEvents] Created trigger TemplePartB1 at 405 130 1517 ori: 0 0 0
2025-02-23T02:48:07Z [AreaTriggerEvents] Created trigger TemplePartB2 at 417 2.4 1591 ori: 0 0 0
2025-02-23T02:49:26Z [AreaTriggerEvents] Created trigger ArcticCrypt at 15621 231.4 14845 ori: 0 0 0
2025-02-23T02:49:26Z [AreaTriggerEvents] Created trigger ArcticCrypt2 at 15640 258.6 14828 ori: 0 0 0
2025-02-23T02:49:26Z [AreaTriggerEvents] Created trigger ArcticCrypt3 at 15642 208.9 14788 ori: 0 0 0
2025-02-23T02:49:26Z [AreaTriggerEvents] Created trigger KMUCMain at 7059 573.5 11620 ori: 0 0 0
2025-02-23T02:49:26Z [AreaTriggerEvents] Created trigger KMUCMainBottom at 7249 224.8 11617 ori: 0 0 0
2025-02-23T02:49:26Z [AreaTriggerEvents] Created trigger TempleBridgeJump at 371 49.6 526 ori: 0 0 0
2025-02-23T02:49:26Z [AreaTriggerEvents] Created trigger TempleOutsideTop1 at 739.5 38 483 ori: 0 0 0
2025-02-23T02:49:26Z [AreaTriggerEvents] Created trigger TempleOutsideTop2 at 670 49.5 306 ori: 0 0 0
2025-02-23T02:49:26Z [AreaTriggerEvents] Created trigger TempleWolfTrap at 591 14.3 390 ori: 0 0 0
2025-02-23T02:49:26Z [AreaTriggerEvents] Created trigger TempleInside1 at 865 19.2 410 ori: 0 0 0
2025-02-23T02:49:26Z [AreaTriggerEvents] Created trigger TempleInside2 at 828 38 484 ori: 0 0 0
2025-02-23T02:49:26Z [AreaTriggerEvents] Created trigger TempleHammerTrigger at 366 54.3 868 ori: 0 0 0
2025-02-23T02:49:26Z [AreaTriggerEvents] Created trigger TemplePartB1 at 405 130 1517 ori: 0 0 0
2025-02-23T02:49:26Z [AreaTriggerEvents] Created trigger TemplePartB2 at 417 2.4 1591 ori: 0 0 0
2025-02-23T03:19:12Z [AreaTriggerEvents] David triggered TemplePartB1
2025-02-23T03:37:52Z [AreaTriggerEvents] David triggered TemplePartB2
2025-02-23T05:05:52Z [AreaTriggerEvents] Bradley triggered TempleOutsideTop2
2025-02-23T05:16:55Z [AreaTriggerEvents] David triggered TempleBridgeJump
2025-02-23T05:20:08Z [AreaTriggerEvents] Matthew triggered TempleHammerTrigger
